Start,Peak,Stop,Trough,Max_Envelope_Amp,Duration_ms,Spike Times (s),Cluster IDs,Unique_Cluster_IDs,Sorted_Cluster_IDs
395.9536,395.968,395.9792,395.968,8.422738075256348,25.6,"[395.955, 395.95546666666667, 395.9560333333333, 395.95636666666667, 395.9578666666667, 395.9592666666667, 395.9599333333333, 395.9605666666667, 395.961, 395.9612, 395.96136666666666, 395.9619666666667, 395.9621333333333, 395.96226666666666, 395.96233333333333, 395.96256666666665, 395.9646, 395.9646333333333, 395.96503333333334, 395.9651, 395.9664, 395.96653333333336, 395.9671333333333, 395.9673666666667, 395.9682666666667, 395.9696666666667, 395.9699, 395.97046666666665, 395.97203333333334, 395.9735333333333, 395.97356666666667, 395.97366666666665, 395.97386666666665, 395.9739, 395.9757333333333, 395.9763, 395.9764, 395.9775, 395.97766666666666, 395.97813333333335]","[57, 3, 107, 60, 199, 13, 174, 5, 228, 174, 63, 196, 67, 199, 37, 85, 119, 57, 153, 5, 118, 222, 5, 199, 16, 60, 67, 199, 14, 107, 57, 179, 55, 40, 166, 199, 41, 85, 67, 40]","[57, 3, 107, 60, 199, 13, 174, 5, 228, 63, 196, 67, 37, 85, 119, 153, 118, 222, 16, 14, 179, 55, 40, 166, 41]","[3, 5, 13, 14, 16, 37, 40, 41, 55, 57, 60, 63, 67, 85, 107, 118, 119, 153, 166, 174, 179, 196, 199, 222, 228]"
396.4532,396.4728,396.4908,396.4728,8.061243057250977,37.6,"[396.45323333333334, 396.4537, 396.4540333333333, 396.4542666666667, 396.45576666666665, 396.4569333333333, 396.4572333333333, 396.4583333333333, 396.4591, 396.4592666666667, 396.45933333333335, 396.45986666666664, 396.46006666666665, 396.4604, 396.4605666666667, 396.4608, 396.4619666666667, 396.46293333333335, 396.46296666666666, 396.46393333333333, 396.4642333333333, 396.4642333333333, 396.46436666666665, 396.46436666666665, 396.46473333333336, 396.4648666666667, 396.46543333333335, 396.4655666666667, 396.46566666666666, 396.4657, 396.4663, 396.4667, 396.4675, 396.4681, 396.4686, 396.46883333333335, 396.4695, 396.4696333333333, 396.4698333333333, 396.47023333333334, 396.4705666666667, 396.47063333333335, 396.4707, 396.471, 396.4712, 396.4733, 396.47363333333334, 396.4748666666667, 396.4751, 396.4752, 396.47526666666664, 396.47526666666664, 396.4753666666667, 396.47546666666665, 396.4756, 396.47566666666665, 396.47566666666665, 396.4762, 396.47703333333334, 396.47723333333334, 396.47796666666665, 396.4780333333333, 396.47833333333335, 396.47926666666666, 396.4793666666667, 396.48, 396.48043333333334, 396.48046666666664, 396.48083333333335, 396.48106666666666, 396.4814666666667, 396.48156666666665, 396.48156666666665, 396.48173333333335, 396.48203333333333, 396.48226666666665, 396.4825, 396.4827, 396.4829, 396.48333333333335, 396.4834, 396.4834666666667, 396.48386666666664, 396.48403333333334, 396.4848666666667, 396.4851, 396.48563333333334, 396.48586666666665, 396.4867, 396.48676666666665, 396.48696666666666, 396.4889333333333, 396.48903333333334, 396.48963333333336, 396.48986666666667, 396.48996666666665, 396.4904333333333, 396.4907333333333]","[119, 60, 85, 64, 190, 67, 60, 40, 56, 13, 16, 67, 85, 237, 3, 60, 212, 101, 81, 67, 16, 5, 190, 188, 11, 39, 3, 85, 153, 117, 60, 226, 138, 197, 85, 113, 67, 101, 197, 101, 85, 60, 170, 80, 108, 145, 64, 85, 102, 86, 3, 93, 1, 174, 40, 56, 37, 10, 212, 60, 14, 63, 67, 145, 119, 85, 166, 5, 11, 38, 86, 101, 123, 145, 197, 96, 60, 196, 54, 10, 100, 55, 67, 3, 13, 233, 69, 93, 60, 85, 118, 86, 67, 14, 63, 92, 85, 107]","[119, 60, 85, 64, 190, 67, 40, 56, 13, 16, 237, 3, 212, 101, 81, 5, 188, 11, 39, 153, 117, 226, 138, 197, 113, 170, 80, 108, 145, 102, 86, 93, 1, 174, 37, 10, 14, 63, 166, 38, 123, 96, 196, 54, 100, 55, 233, 69, 118, 92, 107]","[1, 3, 5, 10, 11, 13, 14, 16, 37, 38, 39, 40, 54, 55, 56, 60, 63, 64, 67, 69, 80, 81, 85, 86, 92, 93, 96, 100, 101, 102, 107, 108, 113, 117, 118, 119, 123, 138, 145, 153, 166, 170, 174, 188, 190, 196, 197, 212, 226, 233, 237]"
397.1432,397.154,397.1636,397.154,6.616577625274658,20.4,"[397.1432, 397.14343333333335, 397.1439, 397.14486666666664, 397.1451666666667, 397.1452, 397.14636666666667, 397.1467333333333, 397.148, 397.148, 397.1483, 397.1502, 397.15023333333335, 397.15063333333336, 397.1509, 397.15093333333334, 397.1519333333333, 397.152, 397.15206666666666, 397.1527, 397.1528333333333, 397.1528666666667, 397.15316666666666, 397.1535333333333, 397.15473333333335, 397.1549, 397.15506666666664, 397.1551666666667, 397.15546666666665, 397.1573333333333, 397.1575, 397.1577, 397.15816666666666, 397.1588, 397.1589333333333, 397.15926666666667, 397.1594333333333, 397.1596, 397.1601333333333, 397.1605333333333, 397.161, 397.1612666666667, 397.1616666666667]","[216, 40, 212, 179, 145, 107, 85, 60, 67, 0, 100, 174, 85, 3, 40, 100, 216, 87, 191, 56, 16, 67, 55, 132, 13, 236, 87, 191, 179, 216, 236, 3, 85, 212, 67, 16, 102, 55, 94, 13, 65, 119, 60]","[216, 40, 212, 179, 145, 107, 85, 60, 67, 0, 100, 174, 3, 87, 191, 56, 16, 55, 132, 13, 236, 102, 94, 65, 119]","[0, 3, 13, 16, 40, 55, 56, 60, 65, 67, 85, 87, 94, 100, 102, 107, 119, 132, 145, 174, 179, 191, 212, 216, 236]"
397.6024,397.6056,397.6284,397.6056,2.2760047912597656,26.0,"[397.6025333333333, 397.60266666666666, 397.60273333333333, 397.60383333333334, 397.6048666666667, 397.6053333333333, 397.60546666666664, 397.6055, 397.60606666666666, 397.6061, 397.60613333333333, 397.60616666666664, 397.60626666666667, 397.60693333333336, 397.6072, 397.6075, 397.60766666666666, 397.60783333333336, 397.60786666666667, 397.60786666666667, 397.6079, 397.60793333333334, 397.6084333333333, 397.60876666666667, 397.6092, 397.60926666666666, 397.6096333333333, 397.6100666666667, 397.6102, 397.6102666666667, 397.61063333333334, 397.6107, 397.61123333333336, 397.61123333333336, 397.6118666666667, 397.612, 397.61203333333333, 397.61203333333333, 397.6122, 397.6123, 397.61293333333333, 397.6132666666667, 397.6141, 397.6146, 397.6148, 397.61486666666667, 397.6152, 397.6157333333333, 397.6162, 397.61626666666666, 397.6164, 397.61653333333334, 397.6168333333333, 397.6168666666667, 397.617, 397.617, 397.6170333333333, 397.6170666666667, 397.6170666666667, 397.61743333333334, 397.6175666666667, 397.6179333333333, 397.6179666666667, 397.618, 397.6188333333333, 397.6188666666667, 397.6189, 397.6193666666667, 397.61993333333334, 397.6202333333333, 397.6202333333333, 397.62056666666666, 397.6206666666667, 397.6209, 397.62126666666666, 397.62193333333335, 397.62256666666667, 397.6227, 397.6227666666667, 397.6231, 397.6234333333333, 397.6234333333333, 397.6238, 397.6238666666667, 397.6238666666667, 397.62416666666667, 397.6243666666667, 397.6249, 397.6256, 397.6256, 397.6256666666667, 397.6257, 397.6259, 397.626, 397.62603333333334, 397.6262, 397.62626666666665, 397.6263, 397.6263666666667, 397.6268333333333, 397.628, 397.6284]","[94, 179, 7, 10, 150, 11, 39, 101, 117, 101, 85, 67, 102, 16, 132, 118, 55, 5, 63, 40, 179, 7, 212, 166, 226, 11, 101, 60, 11, 67, 41, 85, 5, 70, 64, 93, 13, 56, 16, 102, 1, 41, 67, 11, 153, 102, 93, 101, 77, 85, 10, 105, 179, 7, 63, 60, 233, 226, 19, 67, 102, 119, 92, 10, 16, 107, 226, 64, 85, 102, 93, 132, 145, 3, 67, 13, 60, 179, 153, 11, 16, 96, 227, 85, 188, 93, 67, 80, 170, 119, 63, 16, 5, 196, 224, 70, 94, 188, 145, 56, 37, 179]","[94, 179, 7, 10, 150, 11, 39, 101, 117, 85, 67, 102, 16, 132, 118, 55, 5, 63, 40, 212, 166, 226, 60, 41, 70, 64, 93, 13, 56, 1, 153, 77, 105, 233, 19, 119, 92, 107, 145, 3, 96, 227, 188, 80, 170, 196, 224, 37]","[1, 3, 5, 7, 10, 11, 13, 16, 19, 37, 39, 40, 41, 55, 56, 60, 63, 64, 67, 70, 77, 80, 85, 92, 93, 94, 96, 101, 102, 105, 107, 117, 118, 119, 132, 145, 150, 153, 166, 170, 179, 188, 196, 212, 224, 226, 227, 233]"
397.8448,397.8552,397.8728,397.8552,10.587706565856934,28.0,"[397.8448, 397.84516666666667, 397.84516666666667, 397.8452, 397.84543333333335, 397.84586666666667, 397.8464333333333, 397.8466, 397.84673333333336, 397.8468, 397.84726666666666, 397.84836666666666, 397.8487333333333, 397.84903333333335, 397.8491333333333, 397.85023333333334, 397.8503666666667, 397.8507, 397.852, 397.8521666666667, 397.8522, 397.85266666666666, 397.8541, 397.8543, 397.8546666666667, 397.8547, 397.8557333333333, 397.8562, 397.8567, 397.8573, 397.8573666666667, 397.8573666666667, 397.85746666666665, 397.858, 397.8580333333333, 397.8581, 397.8582666666667, 397.85833333333335, 397.85863333333333, 397.8588, 397.85886666666664, 397.8600666666667, 397.862, 397.86286666666666, 397.8661666666667, 397.8667, 397.8673333333333, 397.8679666666667, 397.869, 397.8720666666667, 397.8722, 397.8723]","[67, 101, 60, 197, 85, 41, 63, 70, 66, 188, 179, 67, 69, 13, 85, 94, 98, 11, 63, 57, 179, 60, 85, 120, 166, 67, 188, 170, 11, 179, 13, 7, 16, 196, 41, 63, 56, 40, 39, 85, 5, 60, 64, 120, 5, 85, 170, 5, 63, 85, 39, 94]","[67, 101, 60, 197, 85, 41, 63, 70, 66, 188, 179, 69, 13, 94, 98, 11, 57, 120, 166, 170, 7, 16, 196, 56, 40, 39, 5, 64]","[5, 7, 11, 13, 16, 39, 40, 41, 56, 57, 60, 63, 64, 66, 67, 69, 70, 85, 94, 98, 101, 120, 166, 170, 179, 188, 196, 197]"
398.26,398.2728,398.2816,398.2728,9.068065643310549,21.6,"[398.2607, 398.26166666666666, 398.2631666666667, 398.2631666666667, 398.26443333333333, 398.2649666666667, 398.2656, 398.2658666666667, 398.266, 398.26613333333336, 398.2662666666667, 398.2662666666667, 398.26686666666666, 398.2669, 398.2673, 398.2676, 398.2681333333333, 398.26863333333336, 398.2687, 398.2695, 398.26956666666666, 398.26976666666667, 398.271, 398.27113333333335, 398.2715333333333, 398.2715666666667, 398.2719, 398.2719666666667, 398.2726666666667, 398.27323333333334, 398.27323333333334, 398.2746666666667, 398.2755666666667, 398.27613333333335, 398.27666666666664, 398.27683333333334, 398.27683333333334, 398.27683333333334, 398.2769, 398.2771666666667, 398.2776666666667, 398.2776666666667, 398.27776666666665, 398.2778333333333, 398.2787333333333, 398.2794, 398.2794666666667, 398.2796666666667, 398.2798, 398.27983333333333, 398.2798666666667, 398.2801, 398.28026666666665, 398.28073333333333]","[16, 67, 85, 60, 119, 67, 228, 170, 195, 11, 98, 107, 11, 16, 60, 102, 162, 85, 113, 67, 132, 96, 13, 16, 195, 196, 179, 7, 63, 174, 106, 67, 85, 67, 145, 11, 16, 100, 7, 153, 101, 63, 105, 188, 10, 179, 233, 16, 67, 13, 85, 190, 60, 39]","[16, 67, 85, 60, 119, 228, 170, 195, 11, 98, 107, 102, 162, 113, 132, 96, 13, 196, 179, 7, 63, 174, 106, 145, 100, 153, 101, 105, 188, 10, 233, 190, 39]","[7, 10, 11, 13, 16, 39, 60, 63, 67, 85, 96, 98, 100, 101, 102, 105, 106, 107, 113, 119, 132, 145, 153, 162, 170, 174, 179, 188, 190, 195, 196, 228, 233]"
398.9192,398.93,398.9676,398.93,5.841054439544678,48.4,"[398.9195, 398.9201, 398.9209, 398.9212333333333, 398.9216666666667, 398.9223666666667, 398.92266666666666, 398.9234666666667, 398.9236, 398.9248666666667, 398.9252333333333, 398.92566666666664, 398.92646666666667, 398.9270666666667, 398.92833333333334, 398.9295666666667, 398.93013333333334, 398.9321, 398.9324, 398.9327666666667, 398.933, 398.93483333333336, 398.93573333333336, 398.93676666666664, 398.93696666666665, 398.93756666666667, 398.93823333333336, 398.93856666666665, 398.9397333333333, 398.9402, 398.9421, 398.94233333333335, 398.94236666666666, 398.94236666666666, 398.9424666666667, 398.94263333333333, 398.9432, 398.94423333333333, 398.9444, 398.9449, 398.9454333333333, 398.9458, 398.9458333333333, 398.9461333333333, 398.94643333333335, 398.9470666666667, 398.94733333333335, 398.9476666666667, 398.94773333333336, 398.94803333333334, 398.94826666666665, 398.94843333333336, 398.94843333333336, 398.9497, 398.9504333333333, 398.95073333333335, 398.95123333333333, 398.9514, 398.9526333333333, 398.95296666666667, 398.95306666666664, 398.9532, 398.9541, 398.95456666666666, 398.95476666666667, 398.9548, 398.9549, 398.9551666666667, 398.9552, 398.95533333333333, 398.9572333333333, 398.9576, 398.9578, 398.9587333333333, 398.95916666666665, 398.9603333333333, 398.96143333333333, 398.9624, 398.9628666666667, 398.9639, 398.96403333333336, 398.96526666666665, 398.9654, 398.9658333333333, 398.9664333333333, 398.96703333333335, 398.96723333333335, 398.96723333333335]","[140, 67, 0, 0, 101, 16, 107, 85, 117, 11, 170, 67, 174, 85, 60, 63, 55, 81, 85, 67, 109, 172, 117, 63, 60, 5, 85, 67, 11, 109, 107, 109, 41, 102, 3, 67, 152, 85, 94, 173, 16, 109, 1, 233, 216, 13, 67, 226, 107, 11, 101, 103, 11, 116, 5, 85, 179, 226, 67, 16, 216, 109, 119, 153, 116, 60, 85, 172, 67, 3, 94, 108, 16, 5, 14, 222, 85, 40, 116, 16, 94, 67, 66, 60, 188, 118, 216, 63]","[140, 67, 0, 101, 16, 107, 85, 117, 11, 170, 174, 60, 63, 55, 81, 109, 172, 5, 41, 102, 3, 152, 94, 173, 1, 233, 216, 13, 226, 103, 116, 179, 119, 153, 108, 14, 222, 40, 66, 188, 118]","[0, 1, 3, 5, 11, 13, 14, 16, 40, 41, 55, 60, 63, 66, 67, 81, 85, 94, 101, 102, 103, 107, 108, 109, 116, 117, 118, 119, 140, 152, 153, 170, 172, 173, 174, 179, 188, 216, 222, 226, 233]"
401.8584,401.88,401.89,401.88,3.847810506820679,31.6,"[401.85883333333334, 401.85943333333336, 401.85996666666665, 401.86, 401.8601, 401.8602333333333, 401.8613, 401.8617, 401.863, 401.86396666666667, 401.86426666666665, 401.8654333333333, 401.86566666666664, 401.8658, 401.86583333333334, 401.86586666666665, 401.8659, 401.86606666666665, 401.8662, 401.86653333333334, 401.8666, 401.8666333333333, 401.86746666666664, 401.86766666666665, 401.8677666666667, 401.8682333333333, 401.8700333333333, 401.8701, 401.8704333333333, 401.87053333333336, 401.87086666666664, 401.87103333333334, 401.8711, 401.8718333333333, 401.8720333333333, 401.87216666666666, 401.87233333333336, 401.87536666666665, 401.8754666666667, 401.87586666666664, 401.87693333333334, 401.87693333333334, 401.87713333333335, 401.87833333333333, 401.8783666666667, 401.8786333333333, 401.88283333333334, 401.88343333333336, 401.8838, 401.8843, 401.88536666666664, 401.8859, 401.8899666666667]","[13, 60, 179, 7, 85, 119, 16, 67, 107, 173, 218, 106, 85, 67, 94, 113, 236, 16, 117, 179, 196, 7, 101, 105, 13, 60, 174, 5, 56, 85, 101, 179, 7, 173, 67, 60, 16, 101, 69, 5, 85, 11, 40, 5, 60, 67, 70, 85, 67, 19, 11, 60, 67]","[13, 60, 179, 7, 85, 119, 16, 67, 107, 173, 218, 106, 94, 113, 236, 117, 196, 101, 105, 174, 5, 56, 69, 11, 40, 70, 19]","[5, 7, 11, 13, 16, 19, 40, 56, 60, 67, 69, 70, 85, 94, 101, 105, 106, 107, 113, 117, 119, 173, 174, 179, 196, 218, 236]"
401.9776,401.9864,401.9984,401.9864,3.9716758728027344,20.8,"[401.97816666666665, 401.9784333333333, 401.97866666666664, 401.9806, 401.9807, 401.98083333333335, 401.98113333333333, 401.98173333333335, 401.9830666666667, 401.9832333333333, 401.98356666666666, 401.9836, 401.9839, 401.9839, 401.984, 401.98403333333334, 401.9870666666667, 401.98716666666667, 401.9875666666667, 401.9884666666667, 401.9886666666667, 401.98963333333336, 401.9901, 401.99053333333336, 401.9938, 401.99583333333334, 401.9963333333333, 401.99733333333336, 401.9974, 401.9979666666667, 401.9981]","[67, 174, 0, 173, 85, 64, 179, 93, 64, 91, 0, 60, 16, 5, 67, 63, 174, 5, 226, 174, 179, 5, 67, 16, 60, 70, 5, 212, 63, 233, 179]","[67, 174, 0, 173, 85, 64, 179, 93, 91, 60, 16, 5, 63, 226, 70, 212, 233]","[0, 5, 16, 60, 63, 64, 67, 70, 85, 91, 93, 173, 174, 179, 212, 226, 233]"
403.55,403.5716,403.5732,403.5716,2.0800342559814453,23.2,"[403.5502333333333, 403.5507666666667, 403.5509666666667, 403.5513666666667, 403.5514, 403.55173333333335, 403.5518333333333, 403.5519, 403.55216666666666, 403.55226666666664, 403.5524, 403.55246666666665, 403.5526, 403.5526, 403.55306666666667, 403.5536, 403.5538, 403.55383333333333, 403.55403333333334, 403.55426666666665, 403.5550666666667, 403.55516666666665, 403.5552333333333, 403.5552666666667, 403.55533333333335, 403.5554, 403.5554666666667, 403.5555, 403.55556666666666, 403.55566666666664, 403.5561333333333, 403.5561333333333, 403.5566, 403.5566333333333, 403.55673333333334, 403.55716666666666, 403.55733333333336, 403.55743333333334, 403.55743333333334, 403.5577333333333, 403.5577333333333, 403.55786666666665, 403.55836666666664, 403.5585, 403.5587, 403.55873333333335, 403.55893333333336, 403.5591333333333, 403.5593, 403.5595666666667, 403.56, 403.56036666666665, 403.5604333333333, 403.5607, 403.5611666666667, 403.56123333333335, 403.5613333333333, 403.56146666666666, 403.56166666666667, 403.5618666666667, 403.56193333333334, 403.56193333333334, 403.5622666666667, 403.56236666666666, 403.56243333333333, 403.5624666666667, 403.5627, 403.56283333333334, 403.5631333333333, 403.5631666666667, 403.56333333333333, 403.56336666666664, 403.5634333333333, 403.5636, 403.5638, 403.56393333333335, 403.5643666666667, 403.5644, 403.5649, 403.56536666666665, 403.56556666666665, 403.56556666666665, 403.56626666666665, 403.5663333333333, 403.56666666666666, 403.56766666666664, 403.5679, 403.56823333333335, 403.5683333333333, 403.56873333333334, 403.5689, 403.5695333333333, 403.56963333333334, 403.5697, 403.5699333333333, 403.5702333333333, 403.5708666666667, 403.5712, 403.5722, 403.5731333333333]","[85, 196, 220, 196, 101, 60, 100, 162, 69, 16, 63, 153, 102, 117, 13, 67, 85, 173, 106, 50, 204, 98, 145, 185, 102, 81, 69, 67, 101, 118, 152, 5, 85, 222, 106, 16, 220, 190, 13, 198, 63, 122, 52, 11, 106, 67, 85, 3, 38, 55, 13, 78, 222, 7, 188, 0, 3, 60, 106, 102, 16, 13, 85, 236, 52, 60, 107, 101, 19, 5, 153, 67, 136, 113, 39, 118, 106, 102, 5, 198, 16, 13, 85, 52, 5, 13, 67, 11, 222, 5, 179, 196, 101, 198, 60, 3, 13, 16, 14, 106]","[85, 196, 220, 101, 60, 100, 162, 69, 16, 63, 153, 102, 117, 13, 67, 173, 106, 50, 204, 98, 145, 185, 81, 118, 152, 5, 222, 190, 198, 122, 52, 11, 3, 38, 55, 78, 7, 188, 0, 236, 107, 19, 136, 113, 39, 179, 14]","[0, 3, 5, 7, 11, 13, 14, 16, 19, 38, 39, 50, 52, 55, 60, 63, 67, 69, 78, 81, 85, 98, 100, 101, 102, 106, 107, 113, 117, 118, 122, 136, 145, 152, 153, 162, 173, 179, 185, 188, 190, 196, 198, 204, 220, 222, 236]"
403.9208,403.9272,403.9572,403.9272,4.843319416046143,36.4,"[403.9215, 403.9216333333333, 403.9219, 403.92216666666667, 403.9233, 403.9238, 403.9243666666667, 403.9247, 403.9254, 403.9257666666667, 403.9261666666667, 403.9263, 403.92676666666665, 403.9268666666667, 403.9270333333333, 403.92713333333336, 403.9279, 403.9286, 403.9289, 403.92943333333335, 403.92996666666664, 403.9300333333333, 403.9302333333333, 403.93033333333335, 403.93036666666666, 403.9309, 403.93106666666665, 403.93146666666667, 403.93196666666665, 403.932, 403.9320333333333, 403.9326, 403.93283333333335, 403.93313333333333, 403.9334333333333, 403.93376666666666, 403.9347, 403.9347, 403.9347333333333, 403.9351, 403.9357, 403.9366, 403.9367, 403.93696666666665, 403.93696666666665, 403.93713333333335, 403.93713333333335, 403.9376, 403.9379, 403.9379333333333, 403.93856666666665, 403.9386666666667, 403.93873333333335, 403.93873333333335, 403.93896666666666, 403.93913333333336, 403.93923333333333, 403.9393333333333, 403.93943333333334, 403.93946666666665, 403.9395333333333, 403.93986666666666, 403.9402333333333, 403.9405, 403.9406333333333, 403.9409, 403.9411333333333, 403.9412, 403.94123333333334, 403.9414, 403.9419, 403.94216666666665, 403.9423, 403.9429666666667, 403.94306666666665, 403.9433333333333, 403.94353333333333, 403.94466666666665, 403.9447333333333, 403.94533333333334, 403.94556666666665, 403.94576666666666, 403.9461333333333, 403.94616666666667, 403.9465333333333, 403.9467, 403.9472, 403.94736666666665, 403.9479333333333, 403.9482, 403.94843333333336, 403.9486333333333, 403.94873333333334, 403.9488, 403.9488333333333, 403.94893333333334, 403.94936666666666, 403.9494, 403.9499, 403.9499333333333, 403.95033333333333, 403.95056666666665, 403.95163333333335, 403.95183333333335, 403.9526333333333, 403.954, 403.95476666666667, 403.9556333333333, 403.9560333333333]","[170, 119, 102, 3, 85, 228, 145, 16, 60, 69, 3, 67, 119, 85, 212, 101, 0, 190, 98, 85, 13, 16, 69, 188, 63, 60, 39, 102, 67, 117, 196, 190, 85, 101, 3, 19, 216, 16, 3, 11, 152, 85, 39, 108, 236, 69, 188, 92, 212, 40, 233, 60, 16, 150, 173, 67, 108, 63, 94, 92, 108, 233, 41, 55, 39, 40, 145, 3, 85, 216, 224, 102, 196, 55, 11, 3, 93, 60, 16, 85, 67, 190, 69, 63, 96, 119, 16, 123, 10, 150, 67, 39, 60, 236, 216, 196, 13, 190, 174, 3, 107, 196, 228, 13, 60, 85, 67, 16, 85]","[170, 119, 102, 3, 85, 228, 145, 16, 60, 69, 67, 212, 101, 0, 190, 98, 13, 188, 63, 39, 117, 196, 19, 216, 11, 152, 108, 236, 92, 40, 233, 150, 173, 94, 41, 55, 224, 93, 96, 123, 10, 174, 107]","[0, 3, 10, 11, 13, 16, 19, 39, 40, 41, 55, 60, 63, 67, 69, 85, 92, 93, 94, 96, 98, 101, 102, 107, 108, 117, 119, 123, 145, 150, 152, 170, 173, 174, 188, 190, 196, 212, 216, 224, 228, 233, 236]"
414.4404,414.4696,414.4768,414.4696,3.375198602676392,36.4,"[414.4406333333333, 414.4454, 414.4457, 414.44573333333335, 414.44606666666664, 414.4483, 414.45253333333335, 414.4526, 414.45283333333333, 414.4537666666667, 414.4569666666667, 414.4582, 414.4583666666667, 414.4587333333333, 414.4592333333333, 414.4592666666667, 414.45973333333336, 414.4606333333333, 414.4614, 414.4619666666667, 414.46226666666666, 414.4632, 414.46416666666664, 414.4655, 414.4656, 414.4659, 414.466, 414.46613333333335, 414.4669, 414.46706666666665, 414.46743333333336, 414.4680333333333, 414.4684, 414.4685666666667, 414.4707666666667, 414.47176666666667, 414.47183333333334, 414.47356666666667, 414.4736, 414.47453333333334, 414.4749, 414.475, 414.4757, 414.4762666666667]","[196, 197, 103, 67, 173, 60, 13, 67, 85, 60, 103, 106, 40, 3, 85, 191, 60, 54, 117, 0, 67, 170, 3, 55, 85, 216, 39, 69, 106, 196, 60, 103, 5, 67, 153, 85, 110, 16, 39, 212, 3, 196, 85, 67]","[196, 197, 103, 67, 173, 60, 13, 85, 106, 40, 3, 191, 54, 117, 0, 170, 55, 216, 39, 69, 5, 153, 110, 16, 212]","[0, 3, 5, 13, 16, 39, 40, 54, 55, 60, 67, 69, 85, 103, 106, 110, 117, 153, 170, 173, 191, 196, 197, 212, 216]"
415.594,415.6036,415.628,415.6036,5.847684383392334,34.0,"[415.59403333333336, 415.5942333333333, 415.5944, 415.5944, 415.5944333333333, 415.59476666666666, 415.5949, 415.595, 415.5955333333333, 415.5955666666667, 415.59583333333336, 415.5960333333333, 415.5971666666667, 415.59976666666665, 415.5998333333333, 415.60003333333333, 415.60093333333333, 415.6012666666667, 415.6012666666667, 415.6018, 415.60183333333333, 415.60206666666664, 415.60383333333334, 415.6046, 415.6054, 415.60616666666664, 415.60656666666665, 415.6066333333333, 415.60703333333333, 415.60706666666664, 415.6071, 415.6073666666667, 415.6077666666667, 415.60796666666664, 415.6080333333333, 415.6093666666667, 415.60946666666666, 415.6107666666667, 415.61083333333335, 415.61293333333333, 415.6135, 415.6154, 415.6159666666667, 415.61643333333336, 415.61693333333335, 415.6176, 415.61763333333334, 415.6202666666667, 415.62063333333333, 415.6217, 415.623, 415.6234666666667, 415.62753333333336]","[16, 117, 101, 236, 13, 67, 80, 132, 40, 226, 38, 64, 13, 179, 7, 39, 85, 64, 107, 107, 38, 10, 60, 5, 174, 96, 85, 201, 54, 117, 70, 113, 16, 132, 233, 109, 94, 179, 60, 67, 5, 85, 39, 5, 11, 39, 52, 85, 170, 67, 3, 63, 174]","[16, 117, 101, 236, 13, 67, 80, 132, 40, 226, 38, 64, 179, 7, 39, 85, 107, 10, 60, 5, 174, 96, 201, 54, 70, 113, 233, 109, 94, 11, 52, 170, 3, 63]","[3, 5, 7, 10, 11, 13, 16, 38, 39, 40, 52, 54, 60, 63, 64, 67, 70, 80, 85, 94, 96, 101, 107, 109, 113, 117, 132, 170, 174, 179, 201, 226, 233, 236]"
447.62,447.6532,447.6616,447.6532,4.907128810882568,41.6,"[447.6205, 447.6211666666667, 447.6211666666667, 447.62153333333333, 447.6221, 447.6223, 447.6224, 447.6235, 447.6235, 447.6236, 447.62416666666667, 447.62463333333335, 447.6249666666667, 447.6281666666667, 447.62846666666667, 447.62853333333334, 447.62893333333335, 447.6297333333333, 447.631, 447.6316, 447.6338666666667, 447.6353, 447.6358666666667, 447.636, 447.6361, 447.6361333333333, 447.63626666666664, 447.63713333333334, 447.63963333333334, 447.6401333333333, 447.6457, 447.6460333333333, 447.64613333333335, 447.6474666666667, 447.6483333333333, 447.6485666666667, 447.6494333333333, 447.65006666666665, 447.6503333333333, 447.6512666666667, 447.6524333333333, 447.6544333333333, 447.65483333333333, 447.6557, 447.65596666666664, 447.656, 447.6564, 447.65653333333336, 447.65723333333335, 447.6573, 447.6585333333333, 447.6589333333333, 447.6593, 447.6610333333333, 447.66116666666665, 447.6616, 447.6616]","[132, 5, 63, 16, 101, 101, 119, 67, 102, 85, 10, 220, 60, 81, 67, 220, 85, 16, 5, 56, 67, 220, 16, 60, 117, 85, 19, 10, 63, 40, 67, 85, 16, 236, 13, 63, 38, 16, 13, 60, 85, 67, 0, 16, 63, 11, 233, 106, 70, 66, 55, 60, 16, 85, 94, 63, 122]","[132, 5, 63, 16, 101, 119, 67, 102, 85, 10, 220, 60, 81, 56, 117, 19, 40, 236, 13, 38, 0, 11, 233, 106, 70, 66, 55, 94, 122]","[0, 5, 10, 11, 13, 16, 19, 38, 40, 55, 56, 60, 63, 66, 67, 70, 81, 85, 94, 101, 102, 106, 117, 119, 122, 132, 220, 233, 236]"
460.182,460.2236,460.2404,460.2236,8.646173477172852,58.4,"[460.1834333333333, 460.1834666666667, 460.1835, 460.1838333333333, 460.1838333333333, 460.1845, 460.18573333333336, 460.1893333333333, 460.19036666666665, 460.1906666666667, 460.1909, 460.192, 460.192, 460.19326666666666, 460.1942, 460.1945666666667, 460.19486666666666, 460.1952, 460.1955, 460.196, 460.1986333333333, 460.1992333333333, 460.19956666666667, 460.20056666666665, 460.2008, 460.2008, 460.2010333333333, 460.2015666666667, 460.2033, 460.2042666666667, 460.2066, 460.2069333333333, 460.20703333333336, 460.20753333333334, 460.2078, 460.2079, 460.2087333333333, 460.2090666666667, 460.21066666666667, 460.2112666666667, 460.2121333333333, 460.2125, 460.2126, 460.2128, 460.2128333333333, 460.2132, 460.2134, 460.21346666666665, 460.2149, 460.2154, 460.21546666666666, 460.2155, 460.2168, 460.2171, 460.2176, 460.2182, 460.21836666666667, 460.2185, 460.21926666666667, 460.21933333333334, 460.2194333333333, 460.2194666666667, 460.2196333333333, 460.2198, 460.2198666666667, 460.2206, 460.2209, 460.22206666666665, 460.2225666666667, 460.2228, 460.2231, 460.22386666666665, 460.22406666666666, 460.2243, 460.2244333333333, 460.22473333333335, 460.22476666666665, 460.2250666666667, 460.2253, 460.2257333333333, 460.2261, 460.22633333333334, 460.2264, 460.2264, 460.2268666666667, 460.22763333333336, 460.2283, 460.22953333333334, 460.2298333333333, 460.2298333333333, 460.2301, 460.23043333333334, 460.2307666666667, 460.2307666666667, 460.2308, 460.2314333333333, 460.23153333333335, 460.2323666666667, 460.2330333333333, 460.2332, 460.2333, 460.23333333333335, 460.23336666666665, 460.23356666666666, 460.2337, 460.234, 460.23443333333336, 460.2348, 460.238, 460.2383, 460.23923333333335, 460.23946666666666, 460.23973333333333, 460.23993333333334, 460.2401]","[227, 85, 54, 101, 63, 67, 16, 85, 227, 188, 69, 101, 196, 16, 227, 132, 60, 67, 3, 60, 69, 60, 3, 101, 106, 5, 227, 67, 85, 200, 101, 227, 5, 100, 67, 3, 60, 16, 227, 85, 67, 200, 16, 230, 179, 11, 107, 100, 60, 100, 85, 162, 132, 200, 16, 227, 5, 102, 67, 10, 37, 145, 85, 10, 70, 60, 69, 43, 110, 123, 227, 150, 54, 54, 16, 85, 67, 101, 196, 77, 5, 16, 102, 117, 96, 227, 60, 101, 103, 85, 0, 3, 64, 63, 67, 3, 11, 41, 1, 16, 85, 101, 110, 60, 94, 11, 117, 92, 43, 196, 102, 16, 60, 85, 145]","[227, 85, 54, 101, 63, 67, 16, 188, 69, 196, 132, 60, 3, 106, 5, 200, 100, 230, 179, 11, 107, 162, 102, 10, 37, 145, 70, 43, 110, 123, 150, 77, 117, 96, 103, 0, 64, 41, 1, 94, 92]","[0, 1, 3, 5, 10, 11, 16, 37, 41, 43, 54, 60, 63, 64, 67, 69, 70, 77, 85, 92, 94, 96, 100, 101, 102, 103, 106, 107, 110, 117, 123, 132, 145, 150, 162, 179, 188, 196, 200, 227, 230]"
460.406,460.4472,460.4568,460.4472,6.95835018157959,50.8,"[460.40613333333334, 460.4066, 460.4069333333333, 460.4073666666667, 460.40936666666664, 460.4099, 460.4110333333333, 460.41113333333334, 460.41116666666665, 460.4112666666667, 460.4114, 460.41153333333335, 460.4123666666667, 460.4128333333333, 460.4141, 460.4149, 460.4152, 460.41546666666665, 460.4155333333333, 460.4157666666667, 460.4159333333333, 460.4162333333333, 460.4164, 460.4164333333333, 460.4164666666667, 460.4168, 460.4171666666667, 460.4172, 460.4175666666667, 460.4177666666667, 460.4206, 460.42066666666665, 460.4209666666667, 460.4211666666667, 460.42126666666667, 460.4213, 460.42153333333334, 460.4216333333333, 460.4218333333333, 460.4225, 460.4227, 460.42293333333333, 460.42316666666665, 460.4232333333333, 460.4232666666667, 460.4234666666667, 460.4234666666667, 460.42406666666665, 460.4241, 460.4251, 460.4262, 460.42713333333336, 460.4274, 460.4275, 460.42766666666665, 460.42783333333335, 460.4279666666667, 460.42833333333334, 460.42893333333336, 460.42923333333334, 460.42993333333334, 460.43036666666666, 460.43056666666666, 460.43083333333334, 460.43086666666665, 460.431, 460.4311333333333, 460.4313333333333, 460.4316, 460.4316333333333, 460.4318333333333, 460.4322, 460.43236666666667, 460.43236666666667, 460.4327, 460.43286666666665, 460.4329666666667, 460.43333333333334, 460.43373333333335, 460.4344, 460.4346, 460.43466666666666, 460.4347666666667, 460.43506666666667, 460.4356333333333, 460.4361666666667, 460.4364, 460.43756666666667, 460.4377, 460.4378, 460.4381, 460.4384333333333, 460.4384333333333, 460.4391, 460.43916666666667, 460.4393666666667, 460.4397, 460.4399666666667, 460.4402333333333, 460.44033333333334, 460.4406, 460.44076666666666, 460.4408, 460.44083333333333, 460.4408666666667, 460.4409, 460.44103333333334, 460.4424333333333, 460.4426, 460.4429333333333, 460.44343333333336, 460.4438666666667, 460.4439, 460.4442, 460.4442666666667, 460.4443, 460.4444, 460.44463333333334, 460.4448, 460.4449, 460.4452, 460.4452333333333, 460.44533333333334, 460.446, 460.4461, 460.4462, 460.4463666666667, 460.44646666666665, 460.44646666666665, 460.44666666666666, 460.4470666666667, 460.44846666666666, 460.44866666666667, 460.44983333333334, 460.45033333333333, 460.45146666666665, 460.4519666666667, 460.45216666666664, 460.45303333333334, 460.4535, 460.4537, 460.45453333333336, 460.4556666666667]","[85, 60, 67, 81, 85, 101, 41, 60, 63, 190, 39, 174, 13, 85, 39, 94, 67, 179, 60, 85, 38, 69, 113, 101, 63, 16, 123, 105, 39, 190, 85, 39, 179, 153, 67, 11, 145, 92, 92, 216, 63, 233, 60, 67, 43, 16, 11, 123, 41, 85, 190, 92, 92, 67, 179, 60, 196, 16, 41, 13, 39, 113, 138, 70, 94, 5, 60, 67, 108, 136, 151, 119, 16, 196, 85, 179, 55, 10, 123, 13, 1, 67, 60, 145, 38, 117, 102, 227, 106, 179, 11, 67, 39, 85, 16, 117, 96, 109, 102, 63, 1, 100, 67, 94, 65, 196, 118, 190, 11, 38, 105, 236, 153, 96, 227, 102, 63, 101, 40, 55, 67, 10, 55, 60, 220, 0, 85, 37, 80, 0, 16, 94, 67, 190, 3, 179, 188, 92, 85, 16, 196, 60, 113]","[85, 60, 67, 81, 101, 41, 63, 190, 39, 174, 13, 94, 179, 38, 69, 113, 16, 123, 105, 153, 11, 145, 92, 216, 233, 43, 196, 138, 70, 5, 108, 136, 151, 119, 55, 10, 1, 117, 102, 227, 106, 96, 109, 100, 65, 118, 236, 40, 220, 0, 37, 80, 3, 188]","[0, 1, 3, 5, 10, 11, 13, 16, 37, 38, 39, 40, 41, 43, 55, 60, 63, 65, 67, 69, 70, 80, 81, 85, 92, 94, 96, 100, 101, 102, 105, 106, 108, 109, 113, 117, 118, 119, 123, 136, 138, 145, 151, 153, 174, 179, 188, 190, 196, 216, 220, 227, 233, 236]"
460.5128,460.516,460.5416,460.516,3.084192991256714,28.8,"[460.5128, 460.5128, 460.51286666666664, 460.5129, 460.5131666666667, 460.5131666666667, 460.5133, 460.5138666666667, 460.51413333333335, 460.51466666666664, 460.5151, 460.5154333333333, 460.5154333333333, 460.5163, 460.5164, 460.5167333333333, 460.5167666666667, 460.517, 460.51733333333334, 460.51736666666665, 460.5177, 460.51803333333334, 460.5181, 460.5183, 460.5185333333333, 460.5186, 460.5186, 460.5187, 460.5189, 460.51896666666664, 460.5190666666667, 460.5191, 460.5192, 460.51933333333335, 460.5196, 460.5202, 460.52113333333335, 460.5212666666667, 460.5215666666667, 460.5226333333333, 460.5227, 460.52296666666666, 460.5231333333333, 460.5231333333333, 460.5232, 460.5232, 460.52323333333334, 460.5233666666667, 460.5233666666667, 460.52346666666665, 460.5235, 460.5235666666667, 460.52386666666666, 460.5240333333333, 460.5241, 460.5241, 460.5242, 460.5242333333333, 460.52433333333335, 460.52436666666665, 460.5246, 460.5246333333333, 460.52506666666665, 460.5251333333333, 460.52523333333335, 460.52526666666665, 460.5253666666667, 460.5253666666667, 460.52546666666666, 460.5255, 460.52616666666665, 460.5265, 460.52653333333336, 460.52686666666665, 460.52706666666666, 460.52826666666664, 460.5283333333333, 460.5284, 460.52863333333335, 460.5287333333333, 460.5291, 460.5292, 460.5294, 460.5296, 460.5299, 460.5304, 460.53153333333336, 460.53186666666664, 460.5323, 460.5327, 460.5330666666667, 460.53316666666666, 460.5332, 460.53343333333333, 460.53403333333335, 460.5344333333333, 460.5344666666667, 460.5351333333333, 460.5355666666667, 460.5357666666667, 460.5359, 460.5373666666667, 460.53753333333333, 460.53763333333336, 460.5384666666667, 460.53886666666665, 460.5391333333333, 460.53993333333335, 460.54, 460.54063333333335, 460.54063333333335, 460.54116666666664, 460.5412333333333, 460.5413, 460.5414666666667, 460.54156666666665]","[179, 230, 10, 224, 54, 153, 67, 13, 85, 0, 81, 16, 117, 106, 55, 67, 70, 13, 179, 230, 179, 3, 216, 85, 106, 188, 224, 41, 37, 11, 3, 0, 57, 5, 5, 38, 67, 107, 11, 233, 102, 0, 13, 110, 85, 224, 37, 103, 55, 107, 119, 92, 93, 145, 67, 80, 52, 109, 16, 196, 94, 63, 196, 233, 92, 102, 60, 69, 13, 85, 188, 11, 41, 145, 16, 194, 224, 40, 179, 107, 56, 67, 226, 69, 85, 108, 70, 60, 67, 64, 109, 196, 122, 16, 70, 64, 38, 63, 145, 195, 60, 85, 67, 145, 153, 191, 195, 66, 85, 60, 0, 196, 67, 16, 80, 108]","[179, 230, 10, 224, 54, 153, 67, 13, 85, 0, 81, 16, 117, 106, 55, 70, 3, 216, 188, 41, 37, 11, 57, 5, 38, 107, 233, 102, 110, 103, 119, 92, 93, 145, 80, 52, 109, 196, 94, 63, 60, 69, 194, 40, 56, 226, 108, 64, 122, 195, 191, 66]","[0, 3, 5, 10, 11, 13, 16, 37, 38, 40, 41, 52, 54, 55, 56, 57, 60, 63, 64, 66, 67, 69, 70, 80, 81, 85, 92, 93, 94, 102, 103, 106, 107, 108, 109, 110, 117, 119, 122, 145, 153, 179, 188, 191, 194, 195, 196, 216, 224, 226, 230, 233]"
461.6172,461.65,461.6572,461.65,5.046731472015381,40.0,"[461.6177666666667, 461.61813333333333, 461.6185, 461.61923333333334, 461.61993333333334, 461.6220333333333, 461.62216666666666, 461.62233333333336, 461.62263333333334, 461.62266666666665, 461.62373333333335, 461.6252666666667, 461.6264, 461.62693333333334, 461.6272333333333, 461.62763333333334, 461.62766666666664, 461.6279333333333, 461.62856666666664, 461.62876666666665, 461.62876666666665, 461.6288333333333, 461.62923333333333, 461.6295, 461.62963333333335, 461.6299333333333, 461.63033333333334, 461.63093333333336, 461.6311333333333, 461.63143333333335, 461.6329333333333, 461.6337, 461.6340333333333, 461.63446666666664, 461.63523333333336, 461.6354666666667, 461.63556666666665, 461.6362, 461.63666666666666, 461.6367333333333, 461.6376, 461.6385, 461.6385333333333, 461.63873333333333, 461.63913333333335, 461.63943333333333, 461.6397, 461.64003333333335, 461.64023333333336, 461.64053333333334, 461.64053333333334, 461.6408666666667, 461.64113333333336, 461.6413, 461.64146666666664, 461.64186666666666, 461.64226666666667, 461.6424333333333, 461.64273333333335, 461.64276666666666, 461.64283333333333, 461.6428666666667, 461.643, 461.6432, 461.6435333333333, 461.64383333333336, 461.64436666666666, 461.6446, 461.64476666666667, 461.6452, 461.64523333333335, 461.6454, 461.64543333333336, 461.64543333333336, 461.6455, 461.6459, 461.64633333333336, 461.6466, 461.6485333333333, 461.6489, 461.6491, 461.6494, 461.65003333333334, 461.6507, 461.651, 461.65143333333333, 461.6517666666667, 461.6518, 461.6519333333333, 461.65256666666664, 461.6526666666667, 461.6562, 461.6564, 461.6567333333333]","[16, 85, 150, 236, 67, 60, 43, 236, 179, 3, 196, 94, 5, 67, 85, 237, 123, 16, 119, 69, 151, 100, 63, 153, 196, 13, 94, 67, 100, 233, 236, 117, 60, 67, 179, 16, 145, 236, 237, 13, 41, 56, 85, 102, 236, 13, 101, 63, 179, 67, 196, 11, 37, 56, 13, 3, 69, 85, 5, 66, 37, 94, 65, 67, 216, 236, 39, 5, 11, 5, 145, 63, 101, 170, 107, 43, 196, 236, 67, 85, 14, 179, 3, 10, 216, 236, 101, 5, 237, 216, 120, 16, 106, 14]","[16, 85, 150, 236, 67, 60, 43, 179, 3, 196, 94, 5, 237, 123, 119, 69, 151, 100, 63, 153, 13, 233, 117, 145, 41, 56, 102, 101, 11, 37, 66, 65, 216, 39, 170, 107, 14, 10, 120, 106]","[3, 5, 10, 11, 13, 14, 16, 37, 39, 41, 43, 56, 60, 63, 65, 66, 67, 69, 85, 94, 100, 101, 102, 106, 107, 117, 119, 120, 123, 145, 150, 151, 153, 170, 179, 196, 216, 233, 236, 237]"
461.9728,461.9844,462.01,461.9844,7.720849990844727,37.2,"[461.9728333333333, 461.9729, 461.97293333333334, 461.97343333333333, 461.97833333333335, 461.9791333333333, 461.9791666666667, 461.9798333333333, 461.9798666666667, 461.9801, 461.98153333333335, 461.9823333333333, 461.9830666666667, 461.98563333333334, 461.9859333333333, 461.9859666666667, 461.98606666666666, 461.98653333333334, 461.9873, 461.9873333333333, 461.98763333333335, 461.9881, 461.9882333333333, 461.99016666666665, 461.9913, 461.9920666666667, 461.99263333333334, 461.993, 461.9935, 461.99353333333335, 461.9938, 461.99396666666667, 461.99403333333333, 461.99466666666666, 461.9947666666667, 461.9963, 461.997, 461.99743333333333, 461.99756666666667, 461.9981, 461.99916666666667, 461.99923333333334, 462.0000333333333, 462.00306666666665, 462.0031333333333, 462.0031333333333, 462.0032, 462.0040666666667, 462.005, 462.0056333333333, 462.00576666666666, 462.0058666666667, 462.0090333333333, 462.0094, 462.0098, 462.0099]","[107, 153, 85, 101, 39, 13, 196, 107, 145, 63, 85, 153, 60, 63, 5, 196, 85, 67, 118, 10, 16, 11, 132, 60, 0, 85, 5, 113, 151, 5, 67, 65, 196, 196, 16, 78, 63, 233, 85, 67, 196, 78, 106, 16, 63, 78, 56, 60, 108, 85, 10, 78, 78, 106, 109, 226]","[107, 153, 85, 101, 39, 13, 196, 145, 63, 60, 5, 67, 118, 10, 16, 11, 132, 0, 113, 151, 65, 78, 233, 106, 56, 108, 109, 226]","[0, 5, 10, 11, 13, 16, 39, 56, 60, 63, 65, 67, 78, 85, 101, 106, 107, 108, 109, 113, 118, 132, 145, 151, 153, 196, 226, 233]"
463.8964,463.906,463.9172,463.906,6.671216011047363,20.8,"[463.8969333333333, 463.89723333333336, 463.8973, 463.8974, 463.8983666666667, 463.8984, 463.8994333333333, 463.90026666666665, 463.90043333333335, 463.9005, 463.9005, 463.90066666666667, 463.9017666666667, 463.9018, 463.90183333333334, 463.9026666666667, 463.9029, 463.9029, 463.90323333333333, 463.9033, 463.90403333333336, 463.9062, 463.90743333333336, 463.9077, 463.90776666666665, 463.9086, 463.90913333333333, 463.90996666666666, 463.9102, 463.91153333333335, 463.91176666666667, 463.91266666666667, 463.91433333333333, 463.9143666666667, 463.9147, 463.91473333333334, 463.9155333333333]","[101, 196, 11, 41, 60, 5, 64, 196, 3, 103, 85, 67, 14, 138, 16, 197, 60, 63, 196, 13, 40, 188, 63, 85, 222, 67, 44, 119, 60, 172, 101, 3, 72, 235, 196, 85, 54]","[101, 196, 11, 41, 60, 5, 64, 3, 103, 85, 67, 14, 138, 16, 197, 63, 13, 40, 188, 222, 44, 119, 172, 72, 235, 54]","[3, 5, 11, 13, 14, 16, 40, 41, 44, 54, 60, 63, 64, 67, 72, 85, 101, 103, 119, 138, 172, 188, 196, 197, 222, 235]"
468.1456,468.1656,468.1952,468.1656,11.1572847366333,49.6,"[468.1456, 468.1456, 468.14566666666667, 468.14703333333335, 468.1471666666667, 468.1473, 468.1480666666667, 468.1481333333333, 468.1483, 468.14866666666666, 468.14916666666664, 468.1494, 468.1496333333333, 468.14973333333336, 468.14976666666666, 468.15, 468.15003333333334, 468.1505666666667, 468.15096666666665, 468.151, 468.1512666666667, 468.15183333333334, 468.15296666666666, 468.153, 468.1530333333333, 468.15336666666667, 468.1539, 468.1539333333333, 468.15403333333336, 468.1543, 468.1547, 468.15476666666666, 468.1551333333333, 468.1553, 468.1554, 468.1556, 468.1557, 468.1558, 468.1560666666667, 468.15616666666665, 468.1564, 468.1566666666667, 468.1572, 468.1573333333333, 468.15743333333336, 468.15746666666666, 468.1577, 468.15776666666665, 468.158, 468.158, 468.1582666666667, 468.1582666666667, 468.1582666666667, 468.15843333333333, 468.1598666666667, 468.15993333333336, 468.16023333333334, 468.1605333333333, 468.16066666666666, 468.1607333333333, 468.1608, 468.1612333333333, 468.1616333333333, 468.16176666666667, 468.1618, 468.16183333333333, 468.16206666666665, 468.16263333333336, 468.1628333333333, 468.1630333333333, 468.1635, 468.16386666666665, 468.1639, 468.1641333333333, 468.16433333333333, 468.1647, 468.1648333333333, 468.16513333333336, 468.16513333333336, 468.1656, 468.16563333333335, 468.16586666666666, 468.16603333333336, 468.16606666666667, 468.16613333333333, 468.1662666666667, 468.16636666666665, 468.16636666666665, 468.1665, 468.1667, 468.1668666666667, 468.1668666666667, 468.1673, 468.16746666666666, 468.1679, 468.1687, 468.1689333333333, 468.1689666666667, 468.1691333333333, 468.1697, 468.1698, 468.1703, 468.17036666666667, 468.17046666666664, 468.17066666666665, 468.1707, 468.1707666666667, 468.1707666666667, 468.17083333333335, 468.1736666666667, 468.1743333333333, 468.1744, 468.1748666666667, 468.1748666666667, 468.17516666666666, 468.17536666666666, 468.17566666666664, 468.1758, 468.1758, 468.1759, 468.17606666666666, 468.1763666666667, 468.1768333333333, 468.17996666666664, 468.18053333333336, 468.18076666666667, 468.18076666666667, 468.18086666666665, 468.1809666666667, 468.1811, 468.1814, 468.1816666666667, 468.1820333333333, 468.1822666666667, 468.1825333333333, 468.1825333333333, 468.1826, 468.18536666666665, 468.18653333333333, 468.1868, 468.187, 468.1874, 468.18893333333335, 468.1893, 468.1897, 468.19076666666666]","[200, 16, 60, 50, 85, 106, 198, 0, 10, 188, 16, 196, 119, 191, 67, 85, 11, 222, 188, 60, 40, 113, 179, 222, 7, 198, 67, 40, 85, 5, 38, 106, 101, 96, 132, 102, 5, 201, 63, 40, 5, 72, 85, 13, 5, 153, 16, 67, 60, 0, 188, 11, 55, 40, 103, 222, 85, 196, 64, 188, 10, 3, 117, 102, 13, 63, 200, 188, 118, 5, 70, 16, 85, 67, 222, 11, 40, 237, 81, 188, 107, 13, 199, 70, 98, 232, 152, 37, 105, 14, 222, 145, 60, 191, 13, 85, 70, 67, 16, 5, 215, 199, 118, 102, 60, 108, 85, 162, 119, 222, 138, 67, 54, 60, 199, 41, 5, 197, 11, 145, 119, 85, 196, 198, 237, 85, 81, 40, 70, 67, 16, 64, 63, 60, 11, 107, 145, 222, 138, 85, 67, 191, 16, 152, 191, 63]","[200, 16, 60, 50, 85, 106, 198, 0, 10, 188, 196, 119, 191, 67, 11, 222, 40, 113, 179, 7, 5, 38, 101, 96, 132, 102, 201, 63, 72, 13, 153, 55, 103, 64, 3, 117, 118, 70, 237, 81, 107, 199, 98, 232, 152, 37, 105, 14, 145, 215, 108, 162, 138, 54, 41, 197]","[0, 3, 5, 7, 10, 11, 13, 14, 16, 37, 38, 40, 41, 50, 54, 55, 60, 63, 64, 67, 70, 72, 81, 85, 96, 98, 101, 102, 103, 105, 106, 107, 108, 113, 117, 118, 119, 132, 138, 145, 152, 153, 162, 179, 188, 191, 196, 197, 198, 199, 200, 201, 215, 222, 232, 237]"
468.5536,468.562,468.5972,468.562,3.8362863063812256,43.6,"[468.5536333333333, 468.5541, 468.5542, 468.5543333333333, 468.5544, 468.5544, 468.555, 468.5550666666667, 468.5552333333333, 468.55623333333335, 468.55653333333333, 468.5569, 468.5569, 468.5570333333333, 468.5570666666667, 468.55713333333335, 468.55713333333335, 468.5572, 468.55766666666665, 468.5577666666667, 468.5579, 468.5579666666667, 468.5581, 468.5588333333333, 468.5589, 468.5597333333333, 468.5597666666667, 468.5598, 468.56006666666667, 468.5611, 468.5618, 468.56193333333334, 468.5620333333333, 468.56216666666666, 468.5626, 468.56306666666666, 468.5631333333333, 468.56333333333333, 468.5645333333333, 468.5647333333333, 468.56483333333335, 468.56486666666666, 468.5649666666667, 468.5652333333333, 468.56623333333334, 468.56646666666666, 468.5667666666667, 468.56733333333335, 468.56753333333336, 468.56803333333335, 468.5690666666667, 468.5695333333333, 468.5698, 468.57, 468.571, 468.5714, 468.57163333333335, 468.5717333333333, 468.5718, 468.57196666666664, 468.5722333333333, 468.57263333333333, 468.57273333333336, 468.5728, 468.5744, 468.5749666666667, 468.5755, 468.5759, 468.5763333333333, 468.5763333333333, 468.5764, 468.577, 468.57953333333336, 468.5799333333333, 468.58026666666666, 468.5808, 468.5808666666667, 468.58093333333335, 468.5812, 468.5812, 468.5817666666667, 468.5824, 468.58273333333335, 468.5833333333333, 468.5858333333333, 468.5858666666667, 468.5862, 468.58636666666666, 468.5867, 468.5868, 468.5871, 468.58723333333336, 468.58726666666666, 468.5882, 468.5885666666667, 468.5887333333333, 468.58886666666666, 468.5889, 468.58906666666667, 468.5891, 468.591, 468.5915, 468.5928, 468.5933, 468.59366666666665, 468.5937, 468.5937333333333, 468.59516666666667, 468.5957666666667, 468.59633333333335, 468.5966, 468.5971333333333]","[13, 119, 80, 145, 101, 55, 153, 60, 16, 67, 64, 56, 5, 188, 96, 1, 63, 179, 57, 69, 85, 224, 117, 60, 153, 67, 170, 13, 196, 108, 13, 16, 101, 107, 113, 85, 3, 63, 11, 60, 226, 105, 67, 40, 0, 16, 224, 85, 101, 188, 153, 179, 101, 3, 63, 101, 40, 224, 101, 93, 16, 5, 67, 226, 85, 60, 110, 11, 85, 119, 5, 67, 11, 16, 85, 166, 179, 7, 226, 117, 10, 67, 63, 101, 174, 1, 13, 85, 63, 100, 60, 63, 16, 67, 109, 94, 0, 188, 100, 233, 223, 100, 67, 11, 93, 100, 64, 117, 16, 233, 224, 60]","[13, 119, 80, 145, 101, 55, 153, 60, 16, 67, 64, 56, 5, 188, 96, 1, 63, 179, 57, 69, 85, 224, 117, 170, 196, 108, 107, 113, 3, 11, 226, 105, 40, 0, 93, 110, 166, 7, 10, 174, 100, 109, 94, 233, 223]","[0, 1, 3, 5, 7, 10, 11, 13, 16, 40, 55, 56, 57, 60, 63, 64, 67, 69, 80, 85, 93, 94, 96, 100, 101, 105, 107, 108, 109, 110, 113, 117, 119, 145, 153, 166, 170, 174, 179, 188, 196, 223, 224, 226, 233]"
469.7756,469.8204,469.8548,469.8204,5.498550891876221,79.2,"[469.7760666666667, 469.7760666666667, 469.77643333333333, 469.77653333333336, 469.7769333333333, 469.7774333333333, 469.77753333333334, 469.7778666666667, 469.77816666666666, 469.77933333333334, 469.7819333333333, 469.78226666666666, 469.78296666666665, 469.7831, 469.7833, 469.7833, 469.7835666666667, 469.78363333333334, 469.78366666666665, 469.78413333333333, 469.78423333333336, 469.7862666666667, 469.7864, 469.7864333333333, 469.7864666666667, 469.7879, 469.7884666666667, 469.7884666666667, 469.7887333333333, 469.7887666666667, 469.7888, 469.7895, 469.7901, 469.7904, 469.79043333333334, 469.7907333333333, 469.7916, 469.7930333333333, 469.79366666666664, 469.7937333333333, 469.7938, 469.7938, 469.79403333333335, 469.79473333333334, 469.79513333333335, 469.7955666666667, 469.796, 469.79603333333336, 469.79603333333336, 469.7965, 469.797, 469.7993, 469.7995, 469.7996, 469.7998333333333, 469.80043333333333, 469.8009333333333, 469.80146666666667, 469.8019, 469.8021, 469.8027666666667, 469.80306666666667, 469.80313333333334, 469.80313333333334, 469.80393333333336, 469.80403333333334, 469.8045666666667, 469.8048333333333, 469.8064, 469.80696666666665, 469.807, 469.8072, 469.80723333333333, 469.80733333333336, 469.8075, 469.8078, 469.8102, 469.81086666666664, 469.81303333333335, 469.8131, 469.8131, 469.81323333333336, 469.8135, 469.8142, 469.8155, 469.8163666666667, 469.81786666666665, 469.8181, 469.81966666666665, 469.8203, 469.82236666666665, 469.8229666666667, 469.82303333333334, 469.82343333333336, 469.8239, 469.82506666666666, 469.82506666666666, 469.8251, 469.8252, 469.82556666666665, 469.8257, 469.8262, 469.8283666666667, 469.8291, 469.8297333333333, 469.83003333333335, 469.8306666666667, 469.8315666666667, 469.83363333333335, 469.83383333333336, 469.83393333333333, 469.8348, 469.8365333333333, 469.83846666666665, 469.8387666666667, 469.8392666666667, 469.83933333333334, 469.8398, 469.8398, 469.8398666666667, 469.8399, 469.8401666666667, 469.84043333333335, 469.84076666666664, 469.8409, 469.84113333333335, 469.8419666666667, 469.8435666666667, 469.8446, 469.84523333333334, 469.8457666666667, 469.8459, 469.84616666666665, 469.84656666666666, 469.8466, 469.8471333333333, 469.8493, 469.85, 469.8518666666667, 469.8525, 469.85273333333333, 469.85336666666666, 469.8542, 469.8546666666667]","[72, 235, 16, 11, 60, 55, 173, 196, 67, 102, 85, 188, 222, 63, 113, 13, 67, 69, 16, 107, 11, 41, 64, 11, 188, 85, 63, 16, 72, 235, 86, 69, 40, 67, 85, 237, 16, 13, 10, 14, 107, 145, 11, 188, 13, 105, 60, 85, 188, 67, 16, 11, 196, 138, 85, 113, 67, 16, 60, 113, 11, 179, 86, 7, 13, 102, 16, 188, 196, 72, 235, 85, 101, 152, 63, 118, 67, 138, 94, 69, 66, 85, 69, 60, 123, 153, 174, 16, 63, 60, 69, 151, 85, 70, 172, 67, 16, 63, 55, 70, 64, 170, 85, 16, 67, 98, 101, 52, 16, 85, 195, 60, 39, 57, 153, 101, 70, 60, 40, 86, 113, 63, 85, 16, 173, 67, 233, 151, 3, 39, 101, 196, 85, 16, 174, 60, 138, 39, 119, 101, 5, 196, 16, 63]","[72, 235, 16, 11, 60, 55, 173, 196, 67, 102, 85, 188, 222, 63, 113, 13, 69, 107, 41, 64, 86, 40, 237, 10, 14, 145, 105, 138, 179, 7, 101, 152, 118, 94, 66, 123, 153, 174, 151, 70, 172, 170, 98, 52, 195, 39, 57, 233, 3, 119, 5]","[3, 5, 7, 10, 11, 13, 14, 16, 39, 40, 41, 52, 55, 57, 60, 63, 64, 66, 67, 69, 70, 72, 85, 86, 94, 98, 101, 102, 105, 107, 113, 118, 119, 123, 138, 145, 151, 152, 153, 170, 172, 173, 174, 179, 188, 195, 196, 222, 233, 235, 237]"
471.6208,471.6704,471.6772,471.6704,4.999689102172852,56.4,"[471.62103333333334, 471.62146666666666, 471.6219, 471.62193333333335, 471.622, 471.6222666666667, 471.6223, 471.62233333333336, 471.62336666666664, 471.6237, 471.62423333333334, 471.6244, 471.6245, 471.6245, 471.6247333333333, 471.6248, 471.6249, 471.62493333333333, 471.6250333333333, 471.62506666666667, 471.6252333333333, 471.6256, 471.62643333333335, 471.6270333333333, 471.6275, 471.62786666666665, 471.62803333333335, 471.6281666666667, 471.6282, 471.6287, 471.629, 471.6290333333333, 471.62916666666666, 471.6292, 471.62943333333334, 471.62943333333334, 471.62963333333335, 471.62966666666665, 471.6297333333333, 471.6298, 471.62983333333335, 471.62983333333335, 471.62986666666666, 471.63, 471.63003333333336, 471.6304666666667, 471.63073333333335, 471.63126666666665, 471.6317, 471.632, 471.6322, 471.6322666666667, 471.6327, 471.6329333333333, 471.6332, 471.6333333333333, 471.6337, 471.63376666666665, 471.63396666666665, 471.63413333333335, 471.63416666666666, 471.6342333333333, 471.6342666666667, 471.63436666666666, 471.6349333333333, 471.63506666666666, 471.6351666666667, 471.6357, 471.6358333333333, 471.6361, 471.63683333333336, 471.63693333333333, 471.63693333333333, 471.63713333333334, 471.638, 471.6383333333333, 471.6383666666667, 471.6384, 471.63936666666666, 471.6394666666667, 471.6396, 471.63963333333334, 471.63986666666665, 471.6399, 471.6401666666667, 471.6402, 471.64023333333336, 471.6403666666667, 471.6406666666667, 471.6415666666667, 471.6417666666667, 471.6421, 471.6422, 471.6424, 471.64276666666666, 471.6428666666667, 471.6433666666667, 471.64363333333336, 471.64366666666666, 471.64386666666667, 471.6444666666667, 471.6449, 471.6451, 471.64523333333335, 471.6453333333333, 471.64543333333336, 471.64546666666666, 471.6456, 471.6458, 471.64613333333335, 471.6462333333333, 471.64643333333333, 471.6465, 471.6466, 471.64713333333333, 471.6474, 471.6476666666667, 471.6479, 471.64796666666666, 471.64823333333334, 471.64823333333334, 471.64826666666664, 471.6486, 471.64866666666666, 471.64906666666667, 471.6495, 471.6496, 471.6506, 471.65063333333336, 471.6508, 471.6508666666667, 471.65096666666665, 471.65113333333335, 471.65116666666665, 471.6512666666667, 471.6512666666667, 471.65136666666666, 471.65203333333335, 471.65223333333336, 471.6523666666667, 471.6524, 471.65256666666664, 471.65406666666667, 471.65493333333336, 471.65586666666667, 471.6560333333333, 471.65633333333335, 471.6567, 471.6568, 471.6569333333333, 471.6571333333333, 471.65746666666666, 471.6576, 471.65766666666667, 471.659, 471.6602, 471.66173333333336, 471.6619666666667, 471.6624, 471.6627, 471.66276666666664, 471.6630666666667, 471.66313333333335, 471.66386666666665, 471.6645, 471.6646333333333, 471.6646333333333, 471.668, 471.66853333333336, 471.66886666666664, 471.66903333333335, 471.66926666666666, 471.6693666666667, 471.6695, 471.6695, 471.66953333333333, 471.6698333333333, 471.67023333333333, 471.67156666666665, 471.67246666666665, 471.67296666666664, 471.67336666666665, 471.6734666666667, 471.6739666666667, 471.6743666666667, 471.67453333333333, 471.6757333333333, 471.6761333333333]","[16, 188, 11, 197, 85, 100, 54, 56, 13, 179, 16, 70, 11, 224, 100, 101, 3, 63, 107, 60, 67, 85, 54, 191, 216, 119, 85, 179, 93, 102, 50, 16, 230, 179, 67, 188, 204, 107, 60, 70, 188, 10, 162, 145, 40, 113, 102, 123, 40, 55, 216, 67, 85, 11, 16, 179, 101, 235, 5, 11, 100, 7, 224, 40, 41, 13, 70, 191, 119, 150, 60, 67, 100, 3, 85, 191, 145, 140, 70, 236, 38, 162, 100, 113, 55, 85, 94, 216, 67, 57, 70, 5, 16, 197, 60, 63, 5, 39, 179, 70, 38, 13, 85, 153, 57, 66, 69, 216, 67, 174, 236, 236, 191, 85, 102, 118, 16, 96, 150, 67, 5, 106, 81, 10, 54, 162, 0, 188, 57, 63, 5, 106, 179, 145, 101, 55, 10, 85, 13, 56, 16, 196, 67, 40, 14, 236, 60, 81, 67, 172, 85, 16, 80, 40, 170, 57, 3, 39, 5, 196, 123, 85, 106, 113, 16, 60, 52, 3, 85, 196, 69, 39, 117, 67, 60, 64, 11, 63, 39, 98, 85, 67, 138, 3, 196, 60, 119, 85]","[16, 188, 11, 197, 85, 100, 54, 56, 13, 179, 70, 224, 101, 3, 63, 107, 60, 67, 191, 216, 119, 93, 102, 50, 230, 204, 10, 162, 145, 40, 113, 123, 55, 235, 5, 7, 41, 150, 140, 236, 38, 94, 57, 39, 153, 66, 69, 174, 118, 96, 106, 81, 0, 196, 14, 172, 80, 170, 52, 117, 64, 98, 138]","[0, 3, 5, 7, 10, 11, 13, 14, 16, 38, 39, 40, 41, 50, 52, 54, 55, 56, 57, 60, 63, 64, 66, 67, 69, 70, 80, 81, 85, 93, 94, 96, 98, 100, 101, 102, 106, 107, 113, 117, 118, 119, 123, 138, 140, 145, 150, 153, 162, 170, 172, 174, 179, 188, 191, 196, 197, 204, 216, 224, 230, 235, 236]"
471.8152,471.8212,471.8364,471.8212,3.1865932941436768,21.2,"[471.81556666666665, 471.81583333333333, 471.8158666666667, 471.81603333333334, 471.8163, 471.8167666666667, 471.81913333333335, 471.81913333333335, 471.8192666666667, 471.8195333333333, 471.8197, 471.8197333333333, 471.82146666666665, 471.8221, 471.8223, 471.8223, 471.8224666666667, 471.8233333333333, 471.82346666666666, 471.8237, 471.82416666666666, 471.8242, 471.82663333333335, 471.8276, 471.8279, 471.82823333333334, 471.82826666666665, 471.82846666666666, 471.829, 471.8293, 471.82963333333333, 471.82986666666665, 471.83026666666666, 471.8309, 471.8313, 471.83186666666666, 471.83273333333335, 471.8341, 471.83453333333335, 471.8349666666667, 471.8351666666667, 471.8352, 471.83553333333333, 471.8359, 471.836]","[69, 196, 85, 81, 60, 118, 85, 67, 3, 172, 111, 112, 197, 202, 188, 96, 16, 60, 39, 85, 81, 100, 3, 5, 85, 191, 93, 202, 16, 110, 196, 85, 153, 172, 101, 56, 94, 85, 119, 64, 67, 16, 99, 101, 153]","[69, 196, 85, 81, 60, 118, 67, 3, 172, 111, 112, 197, 202, 188, 96, 16, 39, 100, 5, 191, 93, 110, 153, 101, 56, 94, 119, 64, 99]","[3, 5, 16, 39, 56, 60, 64, 67, 69, 81, 85, 93, 94, 96, 99, 100, 101, 110, 111, 112, 118, 119, 153, 172, 188, 191, 196, 197, 202]"
520.3204,520.3324,520.358,520.3324,5.5112624168396,37.6,"[520.3205333333333, 520.3205666666667, 520.3208333333333, 520.3212333333333, 520.3213666666667, 520.3216, 520.322, 520.3220333333334, 520.3225666666667, 520.3243, 520.3249, 520.3267, 520.3281, 520.3282, 520.3283666666666, 520.3285, 520.3286666666667, 520.329, 520.3294333333333, 520.3300666666667, 520.3306666666666, 520.3323, 520.3331666666667, 520.3343666666667, 520.3344, 520.3351, 520.3353666666667, 520.3356, 520.3371666666667, 520.3375333333333, 520.3377666666667, 520.3389333333333, 520.3389333333333, 520.3394333333333, 520.3394666666667, 520.3395, 520.3397666666667, 520.3399, 520.3400666666666, 520.3403666666667, 520.3406666666667, 520.3411666666667, 520.3418, 520.3423333333334, 520.3431, 520.3432, 520.3434333333333, 520.3436333333333, 520.3438333333334, 520.3444333333333, 520.3455666666666, 520.3456333333334, 520.3462, 520.3473333333334, 520.3477666666666, 520.3481, 520.3489666666667, 520.3497333333333, 520.3498, 520.3502333333333, 520.3502333333333, 520.3511666666667, 520.3519, 520.3519333333334, 520.3520333333333, 520.3521666666667, 520.3523666666666, 520.3531, 520.3539666666667, 520.3541, 520.3545, 520.3559333333334, 520.3563, 520.3565333333333, 520.3578]","[41, 64, 16, 56, 96, 102, 106, 196, 152, 67, 60, 222, 117, 85, 67, 196, 41, 39, 16, 60, 85, 222, 64, 67, 85, 63, 3, 106, 64, 85, 60, 67, 196, 117, 91, 106, 153, 3, 222, 85, 123, 0, 63, 60, 81, 85, 67, 196, 64, 40, 222, 197, 216, 60, 85, 67, 174, 1, 5, 16, 63, 3, 13, 150, 228, 67, 64, 60, 85, 13, 92, 16, 113, 67, 85]","[41, 64, 16, 56, 96, 102, 106, 196, 152, 67, 60, 222, 117, 85, 39, 63, 3, 91, 153, 123, 0, 81, 40, 197, 216, 174, 1, 5, 13, 150, 228, 92, 113]","[0, 1, 3, 5, 13, 16, 39, 40, 41, 56, 60, 63, 64, 67, 81, 85, 91, 92, 96, 102, 106, 113, 117, 123, 150, 152, 153, 174, 196, 197, 216, 222, 228]"
526.688,526.7104,526.7164,526.7104,4.895333290100098,28.4,"[526.6881333333333, 526.6893666666666, 526.6894333333333, 526.6900666666667, 526.6903, 526.6908333333333, 526.6915333333334, 526.6920333333334, 526.6924, 526.6925333333334, 526.6929333333334, 526.6938, 526.6940666666667, 526.6941, 526.6941, 526.6941666666667, 526.6942666666666, 526.6948, 526.6948333333333, 526.6948666666667, 526.6950666666667, 526.6956666666666, 526.6957333333334, 526.6960333333334, 526.6964333333333, 526.6964333333333, 526.6964333333333, 526.6965, 526.6965333333334, 526.6965666666666, 526.6966666666667, 526.6989666666667, 526.7001333333334, 526.7006666666666, 526.7007333333333, 526.7008, 526.7008666666667, 526.7009333333333, 526.7009666666667, 526.7009666666667, 526.7010333333334, 526.7010333333334, 526.7012, 526.7012, 526.7020333333334, 526.7025333333333, 526.7027, 526.7030666666667, 526.7032, 526.7036333333333, 526.7039, 526.7039666666667, 526.704, 526.7041666666667, 526.7044666666667, 526.7045333333333, 526.7054666666667, 526.7057, 526.7061666666667, 526.7062, 526.7062333333333, 526.7062666666667, 526.7064, 526.7065333333334, 526.7065666666666, 526.7065666666666, 526.7066333333333, 526.7070666666667, 526.7081333333333, 526.7082, 526.7097, 526.7097666666666, 526.7100666666666, 526.7108333333333, 526.7117, 526.7120666666667, 526.7126, 526.7126333333333, 526.7129, 526.7132333333333, 526.7134, 526.7134666666667, 526.7141666666666, 526.7142666666666, 526.7151, 526.7151, 526.7154666666667]","[67, 60, 16, 152, 145, 40, 11, 110, 81, 67, 85, 16, 72, 145, 55, 101, 86, 55, 101, 40, 52, 13, 10, 85, 3, 1, 11, 60, 145, 41, 67, 145, 196, 216, 113, 85, 40, 80, 145, 93, 195, 10, 63, 107, 235, 67, 5, 151, 60, 174, 132, 70, 110, 65, 16, 41, 118, 236, 37, 86, 67, 145, 233, 60, 64, 196, 11, 188, 63, 85, 67, 16, 0, 153, 41, 16, 167, 63, 196, 60, 85, 13, 174, 41, 170, 223, 117]","[67, 60, 16, 152, 145, 40, 11, 110, 81, 85, 72, 55, 101, 86, 52, 13, 10, 3, 1, 41, 196, 216, 113, 80, 93, 195, 63, 107, 235, 5, 151, 174, 132, 70, 65, 118, 236, 37, 233, 64, 188, 0, 153, 167, 170, 223, 117]","[0, 1, 3, 5, 10, 11, 13, 16, 37, 40, 41, 52, 55, 60, 63, 64, 65, 67, 70, 72, 80, 81, 85, 86, 93, 101, 107, 110, 113, 117, 118, 132, 145, 151, 152, 153, 167, 170, 174, 188, 195, 196, 216, 223, 233, 235, 236]"
527.922,527.9336,527.9616,527.9336,4.629463195800781,39.6,"[527.9222666666667, 527.9225333333334, 527.9230666666666, 527.9234333333334, 527.9235666666667, 527.9239333333334, 527.9259666666667, 527.9282, 527.9285333333333, 527.9286333333333, 527.9287333333333, 527.9289666666666, 527.9290333333333, 527.9290666666667, 527.9291666666667, 527.9312, 527.9323666666667, 527.9333333333333, 527.9340666666667, 527.9350666666667, 527.9352, 527.9357, 527.9357333333334, 527.9365333333334, 527.9378333333333, 527.9392, 527.9406, 527.9410666666666, 527.9411, 527.9419, 527.9424333333334, 527.9441666666667, 527.9444333333333, 527.9458, 527.9460333333334, 527.9461666666666, 527.9462666666667, 527.9465, 527.9466, 527.9487666666666, 527.9498333333333, 527.9508666666667, 527.951, 527.9513333333333, 527.9518666666667, 527.9521333333333, 527.9523666666666, 527.9528, 527.9528, 527.9530333333333, 527.954, 527.9555, 527.9557, 527.9558333333333, 527.9561, 527.9564, 527.9575666666667, 527.9579666666667, 527.9583666666666, 527.9586666666667, 527.9590333333333, 527.9593, 527.9596, 527.9602]","[85, 16, 60, 179, 109, 67, 11, 16, 69, 196, 85, 5, 55, 106, 67, 119, 60, 85, 16, 63, 67, 41, 55, 118, 212, 85, 16, 1, 60, 67, 196, 13, 85, 16, 118, 117, 80, 60, 13, 85, 132, 107, 16, 38, 67, 70, 85, 60, 145, 122, 106, 132, 96, 151, 16, 67, 11, 107, 63, 70, 196, 60, 119, 85]","[85, 16, 60, 179, 109, 67, 11, 69, 196, 5, 55, 106, 119, 63, 41, 118, 212, 1, 13, 117, 80, 132, 107, 38, 70, 145, 122, 96, 151]","[1, 5, 11, 13, 16, 38, 41, 55, 60, 63, 67, 69, 70, 80, 85, 96, 106, 107, 109, 117, 118, 119, 122, 132, 145, 151, 179, 196, 212]"
528.4932,528.5056,528.5156,528.5056,6.148403167724609,22.4,"[528.4937, 528.4955, 528.4958, 528.4977666666666, 528.4981666666666, 528.4983666666667, 528.4986, 528.4986333333334, 528.4990666666666, 528.4994666666666, 528.5006666666667, 528.5008, 528.5010666666667, 528.5025666666667, 528.5040666666666, 528.5046, 528.5051, 528.5052333333333, 528.5052333333333, 528.5055, 528.5056333333333, 528.5057666666667, 528.5069, 528.5101, 528.5101, 528.5101666666667, 528.5103, 528.5104, 528.5106666666667, 528.5113666666666, 528.5115666666667, 528.5120333333333, 528.5125, 528.5138333333333, 528.5139333333333, 528.5146333333333]","[60, 172, 3, 43, 101, 107, 85, 56, 67, 13, 60, 98, 172, 174, 85, 101, 55, 101, 67, 196, 16, 119, 60, 16, 63, 56, 119, 85, 196, 101, 3, 67, 196, 98, 85, 67]","[60, 172, 3, 43, 101, 107, 85, 56, 67, 13, 98, 174, 55, 196, 16, 119, 63]","[3, 13, 16, 43, 55, 56, 60, 63, 67, 85, 98, 101, 107, 119, 172, 174, 196]"
528.8064,528.8196,528.8416,528.8196,8.867082595825195,35.2,"[528.8075666666666, 528.8086666666667, 528.8094666666667, 528.8096333333333, 528.8099333333333, 528.8101, 528.8105333333333, 528.8106333333334, 528.8106666666666, 528.8108333333333, 528.8108333333333, 528.8108666666667, 528.8108666666667, 528.8109333333333, 528.8116666666666, 528.8117333333333, 528.8121, 528.8133, 528.8134333333334, 528.8138, 528.8140666666667, 528.8141666666667, 528.8142333333333, 528.8147, 528.815, 528.8152, 528.8155333333333, 528.8157666666667, 528.8157666666667, 528.8158, 528.8158666666667, 528.8160666666666, 528.8161, 528.8163, 528.8164666666667, 528.8167, 528.8168666666667, 528.8170333333334, 528.8180666666667, 528.8184666666667, 528.8197666666666, 528.8202, 528.8202333333334, 528.8203, 528.8205, 528.8205666666667, 528.8207333333334, 528.8210333333334, 528.8211666666666, 528.8214333333333, 528.8214333333333, 528.8214333333333, 528.8214333333333, 528.8216666666667, 528.8221, 528.8225, 528.8226333333333, 528.8232666666667, 528.8235333333333, 528.8236666666667, 528.8238333333334, 528.8240333333333, 528.8243666666667, 528.8244333333333, 528.8250666666667, 528.8252, 528.8256333333334, 528.8257, 528.8259, 528.8259333333333, 528.8260333333334, 528.8260666666666, 528.8264, 528.8265333333334, 528.8266, 528.8266666666667, 528.8267, 528.8272, 528.8273, 528.8275333333333, 528.8277333333333, 528.8279, 528.8281, 528.8281, 528.8286666666667, 528.8295333333333, 528.8302333333334, 528.8306666666666, 528.8309666666667, 528.8312, 528.8317, 528.8318, 528.8322666666667, 528.8332, 528.8335333333333, 528.8337, 528.8337, 528.8337333333334, 528.8337666666666, 528.834, 528.8341333333333, 528.8343666666667, 528.8348666666667, 528.8352333333333, 528.8355666666666, 528.8361666666667, 528.8365, 528.8371, 528.8373333333333, 528.8374333333334, 528.8374333333334, 528.8375666666667, 528.8377, 528.838, 528.8393, 528.8406666666667, 528.8416]","[3, 56, 69, 152, 236, 67, 117, 85, 107, 188, 222, 179, 145, 7, 0, 93, 102, 5, 188, 64, 16, 52, 119, 60, 224, 10, 85, 179, 63, 10, 7, 101, 67, 70, 145, 151, 37, 119, 16, 70, 101, 13, 227, 85, 67, 5, 38, 60, 11, 101, 64, 170, 145, 101, 16, 174, 67, 41, 10, 85, 55, 152, 119, 196, 102, 179, 16, 101, 188, 226, 174, 64, 85, 55, 41, 14, 11, 98, 117, 102, 67, 113, 150, 60, 55, 5, 173, 13, 179, 196, 85, 67, 40, 56, 16, 102, 119, 60, 13, 153, 85, 67, 5, 226, 64, 64, 101, 226, 40, 106, 11, 3, 145, 196, 16, 113, 60]","[3, 56, 69, 152, 236, 67, 117, 85, 107, 188, 222, 179, 145, 7, 0, 93, 102, 5, 64, 16, 52, 119, 60, 224, 10, 63, 101, 70, 151, 37, 13, 227, 38, 11, 170, 174, 41, 55, 196, 226, 14, 98, 113, 150, 173, 40, 153, 106]","[0, 3, 5, 7, 10, 11, 13, 14, 16, 37, 38, 40, 41, 52, 55, 56, 60, 63, 64, 67, 69, 70, 85, 93, 98, 101, 102, 106, 107, 113, 117, 119, 145, 150, 151, 152, 153, 170, 173, 174, 179, 188, 196, 222, 224, 226, 227, 236]"
531.3936,531.4028,531.4244,531.4028,4.068771362304688,30.8,"[531.3936, 531.3937333333333, 531.3939666666666, 531.3942333333333, 531.3944, 531.3947333333333, 531.3947333333333, 531.3949, 531.395, 531.3954666666667, 531.3958333333334, 531.3959, 531.3959666666667, 531.396, 531.3960666666667, 531.3963333333334, 531.3964666666667, 531.3976666666666, 531.3984, 531.3987, 531.3987, 531.3987333333333, 531.3988666666667, 531.4009, 531.4010666666667, 531.4021, 531.4023333333333, 531.4025333333333, 531.4025666666666, 531.4027, 531.4028, 531.403, 531.403, 531.4031666666667, 531.4032, 531.4032333333333, 531.4032666666667, 531.4034, 531.4036333333333, 531.4036666666667, 531.4038666666667, 531.4039666666666, 531.4040333333334, 531.4042333333333, 531.4044, 531.4044666666666, 531.4046, 531.4049, 531.4049, 531.4049666666666, 531.4050666666667, 531.4051333333333, 531.4055333333333, 531.4065666666667, 531.4072, 531.4072333333334, 531.4077666666667, 531.4083333333333, 531.4088666666667, 531.4099666666667, 531.4102, 531.4102666666666, 531.4107333333334, 531.4111, 531.4112666666666, 531.4115, 531.4115333333333, 531.4131333333333, 531.4138333333333, 531.4150666666667, 531.4151666666667, 531.4154666666667, 531.4155666666667, 531.4162, 531.4162666666666, 531.4166333333334, 531.4180333333334, 531.4182333333333, 531.4203666666667, 531.4222, 531.4222333333333, 531.4223, 531.4237]","[119, 57, 40, 179, 85, 60, 132, 228, 67, 101, 113, 0, 52, 196, 188, 105, 60, 195, 188, 67, 81, 145, 85, 64, 65, 69, 16, 60, 212, 85, 13, 11, 66, 64, 188, 56, 195, 105, 101, 188, 5, 10, 107, 94, 67, 196, 215, 40, 1, 13, 119, 52, 52, 96, 69, 64, 54, 85, 52, 226, 60, 173, 67, 16, 94, 13, 85, 188, 100, 106, 38, 16, 222, 11, 102, 85, 150, 67, 65, 3, 212, 188, 222]","[119, 57, 40, 179, 85, 60, 132, 228, 67, 101, 113, 0, 52, 196, 188, 105, 195, 81, 145, 64, 65, 69, 16, 212, 13, 11, 66, 56, 5, 10, 107, 94, 215, 1, 96, 54, 226, 173, 100, 106, 38, 222, 102, 150, 3]","[0, 1, 3, 5, 10, 11, 13, 16, 38, 40, 52, 54, 56, 57, 60, 64, 65, 66, 67, 69, 81, 85, 94, 96, 100, 101, 102, 105, 106, 107, 113, 119, 132, 145, 150, 173, 179, 188, 195, 196, 212, 215, 222, 226, 228]"
531.5964,531.6144,531.626,531.6144,5.12286376953125,29.6,"[531.5968666666666, 531.5972333333333, 531.5975666666667, 531.598, 531.5981, 531.5986333333333, 531.5987333333334, 531.5990666666667, 531.5997333333333, 531.5998, 531.6001333333334, 531.6001666666667, 531.6005, 531.6013, 531.6018333333334, 531.6019333333334, 531.602, 531.6025666666667, 531.6027333333334, 531.6029, 531.6031333333333, 531.6034, 531.6035333333333, 531.6037666666666, 531.6047333333333, 531.6047666666667, 531.605, 531.6056666666667, 531.6057666666667, 531.606, 531.6063333333333, 531.6065, 531.6068, 531.6068666666666, 531.6075333333333, 531.6079666666667, 531.6080333333333, 531.6080666666667, 531.6094333333333, 531.6106, 531.6106333333333, 531.6109666666666, 531.6112333333333, 531.6113, 531.6116333333333, 531.6116666666667, 531.6119, 531.612, 531.6130666666667, 531.6134666666667, 531.6135666666667, 531.6138, 531.6142, 531.6147, 531.6150333333334, 531.6153666666667, 531.6155666666667, 531.6157, 531.6158, 531.6159666666666, 531.6162, 531.6165, 531.6171333333333, 531.6171333333333, 531.6173666666666, 531.6176, 531.6176333333333, 531.6184333333333, 531.6185, 531.6189333333333, 531.6190333333333, 531.6193333333333, 531.6194666666667, 531.6196, 531.6196666666667, 531.6229, 531.6242666666667, 531.6244, 531.6247333333333, 531.6248666666667, 531.6251, 531.6251, 531.6254666666666, 531.6255333333334]","[64, 106, 212, 85, 16, 216, 60, 63, 226, 102, 113, 10, 67, 85, 108, 151, 96, 16, 168, 106, 64, 188, 60, 227, 64, 85, 106, 67, 78, 98, 5, 60, 63, 5, 108, 85, 185, 64, 152, 188, 40, 100, 117, 64, 117, 85, 226, 102, 209, 196, 174, 86, 41, 236, 67, 70, 237, 85, 233, 40, 13, 16, 63, 162, 145, 106, 11, 222, 13, 64, 85, 190, 145, 132, 197, 11, 14, 39, 16, 69, 81, 40, 67, 60]","[64, 106, 212, 85, 16, 216, 60, 63, 226, 102, 113, 10, 67, 108, 151, 96, 168, 188, 227, 78, 98, 5, 185, 152, 40, 100, 117, 209, 196, 174, 86, 41, 236, 70, 237, 233, 13, 162, 145, 11, 222, 190, 132, 197, 14, 39, 69, 81]","[5, 10, 11, 13, 14, 16, 39, 40, 41, 60, 63, 64, 67, 69, 70, 78, 81, 85, 86, 96, 98, 100, 102, 106, 108, 113, 117, 132, 145, 151, 152, 162, 168, 174, 185, 188, 190, 196, 197, 209, 212, 216, 222, 226, 227, 233, 236, 237]"
532.2992,532.3036,532.334,532.3036,3.678112983703613,34.8,"[532.3015333333333, 532.3016333333334, 532.3017, 532.3024333333333, 532.3034666666666, 532.3036666666667, 532.3037333333333, 532.3040666666667, 532.3042666666666, 532.3052, 532.3060333333333, 532.3064, 532.3064333333333, 532.3079666666666, 532.3086333333333, 532.3087666666667, 532.3088333333334, 532.309, 532.3093, 532.3094666666667, 532.3097, 532.3098, 532.3104, 532.3109, 532.3109, 532.3111, 532.3113333333333, 532.3114333333333, 532.3117666666667, 532.3118333333333, 532.3129, 532.3133, 532.3135666666667, 532.3140333333333, 532.3144, 532.3144, 532.3146333333333, 532.3150333333333, 532.3152333333334, 532.3161, 532.3167666666667, 532.3171, 532.3171666666667, 532.3176333333333, 532.3182, 532.3187, 532.3189333333333, 532.3190666666667, 532.3192333333334, 532.3195666666667, 532.3197, 532.3210666666666, 532.3217, 532.3224666666666, 532.3227333333333, 532.3230333333333, 532.3234333333334, 532.3241666666667, 532.3243, 532.3253, 532.3253666666667, 532.3282, 532.3285666666667, 532.3289, 532.3290333333333, 532.3298666666667, 532.3302, 532.3304, 532.3311333333334, 532.3316, 532.3318333333333, 532.3319666666666, 532.3321333333333, 532.3323666666666, 532.3328666666666]","[152, 117, 13, 67, 188, 16, 107, 41, 60, 85, 132, 113, 92, 67, 212, 188, 85, 150, 174, 196, 162, 16, 189, 233, 151, 63, 81, 145, 101, 113, 188, 101, 16, 174, 67, 39, 85, 196, 227, 16, 190, 100, 113, 233, 188, 13, 85, 64, 103, 196, 132, 212, 67, 60, 108, 85, 16, 67, 5, 103, 153, 85, 107, 41, 16, 0, 109, 64, 118, 60, 113, 85, 233, 67, 94]","[152, 117, 13, 67, 188, 16, 107, 41, 60, 85, 132, 113, 92, 212, 150, 174, 196, 162, 189, 233, 151, 63, 81, 145, 101, 39, 227, 190, 100, 64, 103, 108, 5, 153, 0, 109, 118, 94]","[0, 5, 13, 16, 39, 41, 60, 63, 64, 67, 81, 85, 92, 94, 100, 101, 103, 107, 108, 109, 113, 117, 118, 132, 145, 150, 151, 152, 153, 162, 174, 188, 189, 190, 196, 212, 227, 233]"
532.4204,532.4428,532.4512,532.4428,4.451534748077393,30.8,"[532.4204333333333, 532.4207, 532.4213666666667, 532.4219, 532.4219666666667, 532.4221333333334, 532.4224, 532.4234333333334, 532.4234666666666, 532.424, 532.4243, 532.4246, 532.4246, 532.4246333333333, 532.4247666666666, 532.4252666666666, 532.4256666666666, 532.4256666666666, 532.4259333333333, 532.4259666666667, 532.4261666666666, 532.4262, 532.4266666666666, 532.4269, 532.4271, 532.4274666666666, 532.428, 532.4284, 532.4285333333333, 532.4298666666666, 532.4298666666666, 532.4302333333334, 532.4304, 532.4304666666667, 532.4305333333333, 532.4307666666666, 532.4315, 532.4316666666666, 532.4325333333334, 532.4327333333333, 532.4327333333333, 532.4332333333333, 532.4340666666667, 532.4346, 532.4346, 532.4352666666666, 532.4360666666666, 532.4365666666666, 532.4367666666667, 532.4371666666667, 532.4381, 532.4386333333333, 532.4391333333333, 532.4391666666667, 532.4394666666667, 532.4395333333333, 532.4400666666667, 532.4406333333334, 532.4410333333333, 532.4423, 532.4426333333333, 532.4428666666666, 532.444, 532.4441333333333, 532.4450666666667, 532.4452666666666, 532.4458333333333, 532.446, 532.4460333333334, 532.4469333333333, 532.4476333333333, 532.4476666666667, 532.4489, 532.4499, 532.4499666666667]","[98, 232, 16, 85, 63, 132, 67, 140, 118, 60, 81, 85, 100, 108, 16, 14, 151, 67, 136, 145, 40, 188, 60, 218, 11, 11, 145, 60, 40, 109, 69, 11, 67, 101, 63, 162, 16, 13, 96, 85, 152, 113, 196, 3, 14, 222, 39, 10, 118, 37, 196, 5, 60, 93, 67, 16, 220, 100, 118, 67, 11, 162, 196, 145, 102, 227, 16, 55, 162, 196, 67, 60, 11, 100, 16]","[98, 232, 16, 85, 63, 132, 67, 140, 118, 60, 81, 100, 108, 14, 151, 136, 145, 40, 188, 218, 11, 109, 69, 101, 162, 13, 96, 152, 113, 196, 3, 222, 39, 10, 37, 5, 93, 220, 102, 227, 55]","[3, 5, 10, 11, 13, 14, 16, 37, 39, 40, 55, 60, 63, 67, 69, 81, 85, 93, 96, 98, 100, 101, 102, 108, 109, 113, 118, 132, 136, 140, 145, 151, 152, 162, 188, 196, 218, 220, 222, 227, 232]"
534.044,534.08,534.0852,534.08,4.077212333679199,41.2,"[534.0445, 534.0445666666667, 534.0447333333333, 534.0454, 534.0462666666666, 534.0468666666667, 534.0473, 534.0476, 534.0479, 534.0482666666667, 534.0483, 534.0484, 534.0488666666666, 534.0490666666667, 534.0512333333334, 534.0523333333333, 534.0545, 534.0549666666667, 534.0554, 534.0557666666666, 534.0563666666667, 534.0574333333333, 534.0582, 534.0583, 534.0586666666667, 534.0587333333333, 534.0594666666667, 534.0595, 534.0595666666667, 534.0596666666667, 534.0597333333334, 534.0598, 534.0598333333334, 534.0598333333334, 534.0609, 534.0613666666667, 534.0621, 534.0632, 534.0632333333333, 534.0633333333334, 534.0644666666667, 534.0666666666667, 534.0676666666667, 534.0682666666667, 534.0683666666666, 534.0683666666666, 534.0688333333334, 534.0688666666666, 534.0698666666667, 534.0699666666667, 534.0700666666667, 534.0717333333333, 534.0727, 534.0738, 534.0742, 534.0744, 534.0744333333333, 534.0761, 534.0764333333333, 534.0774333333334, 534.0776333333333, 534.0781333333333, 534.0783666666666, 534.0785666666667, 534.0786, 534.0794666666667, 534.0795666666667, 534.0798333333333, 534.081, 534.0813333333333, 534.0820333333334, 534.0821666666667, 534.0825333333333, 534.0826, 534.0827, 534.0829333333334]","[13, 216, 85, 109, 197, 40, 226, 60, 109, 79, 189, 113, 93, 67, 85, 3, 60, 41, 150, 98, 109, 3, 85, 69, 113, 67, 16, 63, 13, 233, 226, 94, 191, 80, 67, 13, 60, 40, 179, 7, 216, 85, 10, 116, 179, 230, 60, 13, 179, 7, 39, 14, 109, 11, 16, 91, 85, 39, 11, 67, 118, 63, 94, 119, 216, 233, 85, 170, 56, 13, 196, 14, 179, 7, 63, 40]","[13, 216, 85, 109, 197, 40, 226, 60, 79, 189, 113, 93, 67, 3, 41, 150, 98, 69, 16, 63, 233, 94, 191, 80, 179, 7, 10, 116, 230, 39, 14, 11, 91, 118, 119, 170, 56, 196]","[3, 7, 10, 11, 13, 14, 16, 39, 40, 41, 56, 60, 63, 67, 69, 79, 80, 85, 91, 93, 94, 98, 109, 113, 116, 118, 119, 150, 170, 179, 189, 191, 196, 197, 216, 226, 230, 233]"
535.9404,535.9552,535.964,535.9552,5.59572172164917,23.6,"[535.9405, 535.9407333333334, 535.9410666666666, 535.9443, 535.9445, 535.9449666666667, 535.9451, 535.9459333333333, 535.9463333333333, 535.9464, 535.9465333333334, 535.9472666666667, 535.9488, 535.9490666666667, 535.9495333333333, 535.9496, 535.9499, 535.9521666666667, 535.9523, 535.9531, 535.9533, 535.9548333333333, 535.9549, 535.9549666666667, 535.9551, 535.956, 535.9582333333333, 535.9584666666667, 535.9587333333334, 535.9589, 535.9591, 535.9592, 535.9592333333334, 535.9593666666667, 535.9600333333333, 535.9606666666666, 535.9614333333334, 535.9616666666667, 535.9619333333334, 535.9624]","[85, 60, 54, 41, 67, 101, 98, 69, 41, 107, 85, 16, 60, 11, 174, 113, 67, 85, 145, 188, 16, 0, 11, 101, 67, 16, 60, 113, 86, 85, 119, 69, 67, 152, 188, 16, 63, 196, 55, 60]","[85, 60, 54, 41, 67, 101, 98, 69, 107, 16, 11, 174, 113, 145, 188, 0, 86, 119, 152, 63, 196, 55]","[0, 11, 16, 41, 54, 55, 60, 63, 67, 69, 85, 86, 98, 101, 107, 113, 119, 145, 152, 174, 188, 196]"
537.0536,537.0732,537.0772,537.0732,2.410699844360352,23.6,"[537.0538333333334, 537.0547666666666, 537.0574666666666, 537.0582333333333, 537.0583, 537.0583333333333, 537.0594666666667, 537.0601333333333, 537.0604666666667, 537.0606, 537.0613, 537.0614, 537.0632666666667, 537.0633, 537.0652666666666, 537.0669333333333, 537.0670666666666, 537.0670666666666, 537.0675, 537.0728333333333, 537.0733333333334, 537.0737666666666, 537.0737666666666, 537.0738333333334, 537.0739666666667, 537.0740333333333, 537.0741666666667, 537.0742666666666, 537.0743666666667, 537.0744, 537.0750333333333, 537.0753666666667, 537.0754333333333, 537.0762, 537.0769666666666]","[70, 63, 85, 223, 67, 64, 101, 63, 5, 57, 196, 56, 230, 179, 101, 101, 215, 85, 196, 122, 41, 101, 16, 67, 108, 85, 100, 69, 65, 81, 11, 107, 56, 65, 170]","[70, 63, 85, 223, 67, 64, 101, 5, 57, 196, 56, 230, 179, 215, 122, 41, 16, 108, 100, 69, 65, 81, 11, 107, 170]","[5, 11, 16, 41, 56, 57, 63, 64, 65, 67, 69, 70, 81, 85, 100, 101, 107, 108, 122, 170, 179, 196, 215, 223, 230]"
537.9644,537.986,537.9976,537.986,4.321050643920898,33.2,"[537.9645, 537.9651666666666, 537.9657333333333, 537.9661, 537.9670333333333, 537.9679666666667, 537.9687, 537.9695333333333, 537.9705, 537.9713333333333, 537.9715, 537.9716666666667, 537.9717, 537.9721, 537.9723, 537.9726, 537.9733, 537.9737, 537.9741666666666, 537.9756666666667, 537.9765666666667, 537.9769666666666, 537.977, 537.9770333333333, 537.9778333333334, 537.9779, 537.9779333333333, 537.978, 537.9784, 537.9796666666666, 537.9801333333334, 537.9801666666667, 537.9810666666667, 537.9816666666667, 537.9825, 537.9835, 537.9836333333334, 537.9838333333333, 537.9839, 537.9841333333334, 537.9848, 537.9857, 537.9867333333333, 537.9870333333333, 537.9880333333333, 537.9880666666667, 537.9885333333333, 537.9889333333333, 537.9893666666667, 537.9897, 537.9901, 537.9916333333333, 537.9916333333333, 537.9917, 537.9918, 537.9920666666667, 537.9921333333333, 537.9932333333334, 537.9941666666666, 537.9947333333333, 537.9951, 537.9952333333333, 537.9967333333333]","[179, 196, 70, 67, 85, 212, 170, 145, 101, 216, 16, 5, 70, 60, 107, 85, 237, 117, 67, 69, 236, 16, 85, 67, 172, 63, 19, 101, 174, 153, 117, 14, 56, 64, 138, 60, 16, 67, 216, 166, 85, 113, 3, 101, 85, 16, 64, 14, 98, 119, 216, 87, 10, 191, 85, 237, 67, 66, 60, 65, 119, 101, 13]","[179, 196, 70, 67, 85, 212, 170, 145, 101, 216, 16, 5, 60, 107, 237, 117, 69, 236, 172, 63, 19, 174, 153, 14, 56, 64, 138, 166, 113, 3, 98, 119, 87, 10, 191, 66, 65, 13]","[3, 5, 10, 13, 14, 16, 19, 56, 60, 63, 64, 65, 66, 67, 69, 70, 85, 87, 98, 101, 107, 113, 117, 119, 138, 145, 153, 166, 170, 172, 174, 179, 191, 196, 212, 216, 236, 237]"
540.5748,540.5836,540.598,540.5836,9.794095993041992,23.2,"[540.5751666666666, 540.5766333333333, 540.5766666666667, 540.5773, 540.5774333333334, 540.5778, 540.5784, 540.5784666666667, 540.5785, 540.5785666666667, 540.5787, 540.5788666666666, 540.5790666666667, 540.5794333333333, 540.5798333333333, 540.5805, 540.5809, 540.5811666666667, 540.5819666666666, 540.5824666666666, 540.5828333333334, 540.5831333333333, 540.584, 540.5840333333333, 540.5844666666667, 540.5847333333334, 540.5849666666667, 540.5851666666666, 540.5854666666667, 540.5854666666667, 540.5856, 540.5857666666667, 540.5858666666667, 540.5858666666667, 540.586, 540.5861, 540.5865, 540.5867, 540.5867, 540.5868666666667, 540.5871666666667, 540.5872333333333, 540.5879333333334, 540.5879666666667, 540.5883, 540.5885, 540.5887666666666, 540.5895666666667, 540.5896, 540.5899666666667, 540.5906, 540.5936333333333, 540.5949, 540.5950666666666, 540.5967666666667, 540.5976]","[60, 85, 67, 198, 132, 196, 60, 188, 38, 237, 5, 85, 122, 99, 13, 63, 107, 5, 67, 13, 60, 118, 81, 85, 67, 132, 16, 197, 64, 11, 107, 5, 117, 64, 107, 113, 14, 78, 132, 85, 37, 5, 107, 3, 106, 7, 98, 5, 78, 113, 60, 138, 85, 52, 119, 60]","[60, 85, 67, 198, 132, 196, 188, 38, 237, 5, 122, 99, 13, 63, 107, 118, 81, 16, 197, 64, 11, 117, 113, 14, 78, 37, 3, 106, 7, 98, 138, 52, 119]","[3, 5, 7, 11, 13, 14, 16, 37, 38, 52, 60, 63, 64, 67, 78, 81, 85, 98, 99, 106, 107, 113, 117, 118, 119, 122, 132, 138, 188, 196, 197, 198, 237]"
541.2808,541.2932,541.3092,541.2932,4.161191463470459,28.4,"[541.2828, 541.2843666666666, 541.2845333333333, 541.2845333333333, 541.2850333333333, 541.2861666666666, 541.2867666666667, 541.2886, 541.2894666666666, 541.2908333333334, 541.2913, 541.2915333333333, 541.2916, 541.2923666666667, 541.2934333333334, 541.2935, 541.2939, 541.2952666666666, 541.2969666666667, 541.297, 541.2971666666666, 541.2972333333333, 541.2972333333333, 541.3026, 541.3042666666666, 541.3046333333333, 541.3051666666667, 541.3055333333333, 541.3057, 541.3064666666667, 541.3085]","[64, 52, 216, 196, 237, 0, 85, 67, 222, 13, 69, 55, 197, 237, 87, 191, 113, 67, 11, 196, 87, 191, 85, 67, 0, 119, 212, 85, 60, 174, 119]","[64, 52, 216, 196, 237, 0, 85, 67, 222, 13, 69, 55, 197, 87, 191, 113, 11, 119, 212, 60, 174]","[0, 11, 13, 52, 55, 60, 64, 67, 69, 85, 87, 113, 119, 174, 191, 196, 197, 212, 216, 222, 237]"
541.9228,541.9836,541.9956,541.9836,7.806430339813232,72.8,"[541.9233666666667, 541.9237, 541.9238666666666, 541.9241666666667, 541.9245333333333, 541.9268666666667, 541.9276, 541.9277333333333, 541.9283666666666, 541.929, 541.9293666666666, 541.9304666666667, 541.9305666666667, 541.9314666666667, 541.9315333333333, 541.9319, 541.9323, 541.9327333333333, 541.9327666666667, 541.9338, 541.9340333333333, 541.935, 541.9359666666667, 541.936, 541.9362666666667, 541.9364333333333, 541.9380666666667, 541.9397, 541.9403333333333, 541.9409333333333, 541.9411666666666, 541.9417, 541.9421333333333, 541.9422666666667, 541.9424666666666, 541.9431, 541.9439666666667, 541.9449666666667, 541.9475333333334, 541.9479333333334, 541.9488666666666, 541.9495666666667, 541.9498666666667, 541.9504666666667, 541.9512666666667, 541.9515666666666, 541.9515666666666, 541.9517666666667, 541.9520333333334, 541.9550666666667, 541.9552, 541.9552666666667, 541.9553666666667, 541.9554, 541.9555666666666, 541.9555666666666, 541.9562666666667, 541.9567666666667, 541.9571333333333, 541.9575, 541.9588333333334, 541.9592333333334, 541.9594666666667, 541.9611333333334, 541.9616, 541.9617, 541.9621333333333, 541.9622, 541.9624333333334, 541.9625, 541.9630333333333, 541.9635666666667, 541.9636666666667, 541.9640666666667, 541.9641333333333, 541.9645, 541.9645333333333, 541.9646, 541.9647, 541.9647666666667, 541.9647666666667, 541.9651333333334, 541.9652333333333, 541.9657, 541.9660333333334, 541.9662666666667, 541.9665333333334, 541.9669666666666, 541.9675333333333, 541.9678666666666, 541.9684666666667, 541.9688, 541.9689666666667, 541.9693333333333, 541.9695, 541.9701333333334, 541.9703666666667, 541.9713, 541.9722333333333, 541.9730333333333, 541.9731333333333, 541.9739666666667, 541.9746666666666, 541.9755333333334, 541.9765, 541.9765, 541.9767333333333, 541.9768666666666, 541.9777333333334, 541.9788, 541.9822333333333, 541.9825666666667, 541.9827, 541.9828333333334, 541.9831333333333, 541.9832666666666, 541.9837333333334, 541.9840333333333, 541.9841666666666, 541.9845666666666, 541.9850333333334, 541.9874666666667, 541.9881333333333, 541.9884333333333, 541.9885333333333, 541.9885666666667, 541.9909666666666, 541.9911333333333, 541.9915666666667, 541.9924333333333, 541.9925, 541.9931, 541.9932, 541.9932, 541.9955333333334]","[63, 85, 67, 145, 60, 188, 67, 98, 69, 188, 3, 16, 119, 85, 10, 67, 113, 72, 235, 5, 188, 3, 85, 16, 72, 70, 60, 188, 226, 85, 67, 39, 11, 16, 101, 118, 60, 85, 3, 138, 67, 56, 188, 16, 85, 151, 113, 91, 117, 102, 150, 13, 196, 67, 63, 55, 16, 60, 153, 85, 38, 1, 67, 101, 118, 106, 85, 67, 152, 60, 50, 170, 16, 108, 63, 0, 85, 60, 13, 66, 233, 94, 67, 57, 196, 5, 56, 138, 16, 196, 69, 67, 63, 41, 188, 11, 85, 67, 16, 60, 85, 113, 67, 101, 170, 107, 107, 196, 16, 117, 101, 212, 16, 67, 85, 174, 113, 60, 39, 153, 223, 67, 16, 138, 170, 85, 101, 64, 3, 60, 67, 16, 85, 1, 67]","[63, 85, 67, 145, 60, 188, 98, 69, 3, 16, 119, 10, 113, 72, 235, 5, 70, 226, 39, 11, 101, 118, 138, 56, 151, 91, 117, 102, 150, 13, 196, 55, 153, 38, 1, 106, 152, 50, 170, 108, 0, 66, 233, 94, 57, 41, 107, 212, 174, 223, 64]","[0, 1, 3, 5, 10, 11, 13, 16, 38, 39, 41, 50, 55, 56, 57, 60, 63, 64, 66, 67, 69, 70, 72, 85, 91, 94, 98, 101, 102, 106, 107, 108, 113, 117, 118, 119, 138, 145, 150, 151, 152, 153, 170, 174, 188, 196, 212, 223, 226, 233, 235]"
542.0556,542.0888,542.0956,542.0888,5.473886013031006,40.0,"[542.0558333333333, 542.0562666666667, 542.0569333333333, 542.0575333333334, 542.0578, 542.0585333333333, 542.0586, 542.0596, 542.0600333333333, 542.0608666666667, 542.0619333333333, 542.0620666666666, 542.0621666666667, 542.0623, 542.0626666666667, 542.0633, 542.0638, 542.0638333333334, 542.0640333333333, 542.0641, 542.0641333333333, 542.0643, 542.0647333333334, 542.0647333333334, 542.0655, 542.066, 542.066, 542.0660333333333, 542.0661666666666, 542.0663, 542.0679, 542.0682, 542.0682, 542.0685, 542.0689666666667, 542.0692666666666, 542.0694666666667, 542.0698333333333, 542.0702, 542.0702333333334, 542.0703666666667, 542.0707333333334, 542.0712, 542.0715, 542.0722333333333, 542.0723333333333, 542.0741333333333, 542.0749666666667, 542.0752, 542.0759, 542.0763, 542.0763333333333, 542.0766333333333, 542.0767666666667, 542.0787, 542.0788, 542.0790333333333, 542.0792, 542.0793333333334, 542.0795, 542.0799333333333, 542.08, 542.0806333333334, 542.0807, 542.0811, 542.0811333333334, 542.0819, 542.082, 542.0822666666667, 542.0825666666667, 542.0831333333333, 542.0831666666667, 542.0835, 542.0837666666666, 542.0838, 542.0839666666667, 542.0844333333333, 542.0847666666666, 542.0852666666667, 542.0853, 542.0860666666666, 542.0861666666667, 542.0863, 542.0863333333333, 542.0864333333334, 542.0864666666666, 542.0866666666667, 542.0870666666667, 542.0874333333334, 542.0876, 542.0883333333334, 542.0886666666667, 542.0887666666666, 542.0900333333333, 542.0905666666666, 542.0907333333333, 542.0910333333334, 542.0913, 542.0915666666667, 542.0915666666667, 542.0919, 542.0929666666667, 542.0934666666667, 542.0937666666666, 542.0941333333334, 542.0948333333333, 542.0951]","[224, 13, 119, 85, 196, 39, 57, 54, 5, 5, 101, 85, 98, 145, 67, 13, 110, 197, 152, 93, 123, 145, 85, 1, 113, 13, 63, 108, 151, 101, 0, 102, 37, 85, 105, 67, 106, 226, 16, 60, 69, 117, 188, 152, 64, 93, 85, 69, 67, 174, 63, 16, 14, 94, 100, 93, 188, 101, 119, 85, 179, 7, 118, 60, 55, 52, 16, 113, 80, 67, 69, 153, 5, 5, 11, 145, 185, 138, 85, 5, 109, 5, 170, 63, 16, 145, 94, 210, 60, 99, 67, 223, 162, 117, 179, 85, 81, 11, 226, 101, 5, 63, 101, 101, 10, 60, 16]","[224, 13, 119, 85, 196, 39, 57, 54, 5, 101, 98, 145, 67, 110, 197, 152, 93, 123, 1, 113, 63, 108, 151, 0, 102, 37, 105, 106, 226, 16, 60, 69, 117, 188, 64, 174, 14, 94, 100, 179, 7, 118, 55, 52, 80, 153, 11, 185, 138, 109, 170, 210, 99, 223, 162, 81, 10]","[0, 1, 5, 7, 10, 11, 13, 14, 16, 37, 39, 52, 54, 55, 57, 60, 63, 64, 67, 69, 80, 81, 85, 93, 94, 98, 99, 100, 101, 102, 105, 106, 108, 109, 110, 113, 117, 118, 119, 123, 138, 145, 151, 152, 153, 162, 170, 174, 179, 185, 188, 196, 197, 210, 223, 224, 226]"
542.5088,542.522,542.5392,542.522,8.176213264465332,30.4,"[542.509, 542.509, 542.5095666666666, 542.5110666666667, 542.5118666666667, 542.5121, 542.5123666666667, 542.5127, 542.5128333333333, 542.514, 542.5140333333334, 542.5141333333333, 542.5144666666666, 542.5146, 542.5149333333334, 542.5152333333333, 542.5157333333333, 542.5158, 542.5160333333333, 542.5162333333334, 542.5168, 542.5171, 542.5173, 542.5173666666667, 542.5175, 542.5187333333333, 542.5193333333333, 542.5194, 542.5194333333334, 542.5195, 542.5198666666666, 542.5198666666666, 542.5203333333334, 542.5211, 542.5211333333333, 542.5211666666667, 542.5217666666666, 542.5225333333333, 542.5227333333333, 542.5232333333333, 542.5236, 542.5236666666667, 542.5239666666666, 542.5240333333334, 542.5251666666667, 542.5254333333334, 542.5260666666667, 542.5262333333334, 542.5279666666667, 542.5283666666667, 542.5288333333333, 542.5292333333333, 542.5296666666667, 542.5297, 542.5302333333333, 542.5302333333333, 542.5309333333333, 542.5310666666667, 542.5314, 542.5324, 542.5326666666666, 542.5329333333333, 542.5331, 542.5336666666667, 542.5348, 542.5351666666667, 542.5376, 542.5386333333333]","[67, 117, 54, 195, 5, 64, 85, 56, 40, 67, 102, 16, 196, 63, 145, 226, 101, 64, 13, 222, 179, 85, 113, 67, 197, 152, 106, 16, 55, 63, 197, 41, 10, 60, 85, 13, 119, 67, 106, 16, 222, 153, 85, 170, 197, 101, 54, 188, 107, 3, 67, 38, 13, 85, 16, 96, 152, 10, 40, 106, 226, 56, 212, 85, 67, 69, 101, 196]","[67, 117, 54, 195, 5, 64, 85, 56, 40, 102, 16, 196, 63, 145, 226, 101, 13, 222, 179, 113, 197, 152, 106, 55, 41, 10, 60, 119, 153, 170, 188, 107, 3, 38, 96, 212, 69]","[3, 5, 10, 13, 16, 38, 40, 41, 54, 55, 56, 60, 63, 64, 67, 69, 85, 96, 101, 102, 106, 107, 113, 117, 119, 145, 152, 153, 170, 179, 188, 195, 196, 197, 212, 222, 226]"
542.8616,542.8712,542.9068,542.8712,7.718279838562012,45.2,"[542.8628, 542.8629666666667, 542.8632333333334, 542.8642666666667, 542.8646, 542.8651333333333, 542.8653333333333, 542.8658, 542.8658333333333, 542.8661, 542.8664666666666, 542.8664666666666, 542.8667333333333, 542.8669, 542.8670333333333, 542.8670666666667, 542.8673666666666, 542.8679333333333, 542.8680333333333, 542.8684333333333, 542.8687333333334, 542.8688333333333, 542.8693, 542.8704333333334, 542.8711333333333, 542.8715, 542.8718666666666, 542.8721333333333, 542.8721666666667, 542.8723333333334, 542.8731666666666, 542.8734666666667, 542.8738666666667, 542.8743333333333, 542.8757666666667, 542.8763, 542.8767333333333, 542.8767666666666, 542.8767666666666, 542.8768, 542.8770666666667, 542.8773666666667, 542.8775666666667, 542.8777333333334, 542.8778666666667, 542.8793, 542.8797333333333, 542.8799, 542.8799, 542.8806333333333, 542.8823, 542.8825, 542.8828333333333, 542.883, 542.8831333333334, 542.8836666666666, 542.8837666666667, 542.884, 542.8844, 542.8848666666667, 542.8851666666667, 542.8852666666667, 542.8853333333333, 542.8858666666666, 542.8860666666667, 542.8861333333333, 542.8862666666666, 542.8862666666666, 542.8867333333334, 542.8870333333333, 542.8896333333333, 542.8898666666666, 542.8906333333333, 542.8908666666666, 542.8909, 542.8915, 542.8917666666666, 542.8918333333334, 542.8920666666667, 542.8923666666667, 542.8925, 542.8925, 542.8925666666667, 542.8930333333333, 542.8932666666667, 542.894, 542.8942333333333, 542.8952666666667, 542.8953, 542.8958333333334, 542.8966, 542.8970333333333, 542.8975333333333, 542.8976666666666, 542.898, 542.8988333333333, 542.8996, 542.9007333333333, 542.9008666666666, 542.9010333333333, 542.9017666666666, 542.9021333333334, 542.9021666666666, 542.9029333333333, 542.9031, 542.9039, 542.9045666666667, 542.9050333333333, 542.9050666666667, 542.9060333333333]","[85, 5, 117, 16, 1, 237, 11, 67, 179, 85, 54, 140, 222, 60, 174, 188, 69, 220, 98, 119, 237, 85, 67, 153, 64, 179, 3, 63, 222, 118, 119, 67, 38, 85, 153, 188, 179, 107, 117, 41, 3, 13, 222, 67, 60, 63, 85, 179, 174, 64, 237, 119, 11, 196, 5, 85, 98, 212, 55, 16, 107, 60, 237, 67, 85, 196, 63, 108, 14, 96, 173, 63, 0, 56, 85, 67, 174, 152, 105, 107, 41, 60, 64, 94, 13, 107, 108, 99, 13, 55, 67, 85, 14, 222, 54, 196, 138, 96, 85, 67, 63, 92, 60, 16, 14, 222, 85, 38, 10, 60]","[85, 5, 117, 16, 1, 237, 11, 67, 179, 54, 140, 222, 60, 174, 188, 69, 220, 98, 119, 153, 64, 3, 63, 118, 38, 107, 41, 13, 196, 212, 55, 108, 14, 96, 173, 0, 56, 152, 105, 94, 99, 138, 92, 10]","[0, 1, 3, 5, 10, 11, 13, 14, 16, 38, 41, 54, 55, 56, 60, 63, 64, 67, 69, 85, 92, 94, 96, 98, 99, 105, 107, 108, 117, 118, 119, 138, 140, 152, 153, 173, 174, 179, 188, 196, 212, 220, 222, 237]"
544.1648,544.174,544.2068,544.174,6.811647891998291,42.0,"[544.1650666666667, 544.1650666666667, 544.1657333333334, 544.1668, 544.1674, 544.1675, 544.1681333333333, 544.1684666666666, 544.1689, 544.1692666666667, 544.17, 544.1705333333333, 544.1705666666667, 544.1707333333334, 544.171, 544.1715, 544.1716666666666, 544.1722, 544.1726666666667, 544.1733, 544.1760666666667, 544.1765666666666, 544.1767333333333, 544.1768, 544.1768666666667, 544.1770666666666, 544.1774666666666, 544.178, 544.1781333333333, 544.1782, 544.1785, 544.1793, 544.1813, 544.1829333333334, 544.1838333333334, 544.1840666666667, 544.1845333333333, 544.1850333333333, 544.1850666666667, 544.1854333333333, 544.1855666666667, 544.1857, 544.1858333333333, 544.1858333333333, 544.1861666666666, 544.1865, 544.1891, 544.1891666666667, 544.1922333333333, 544.1925333333334, 544.1925666666667, 544.1926333333333, 544.1928666666666, 544.1928666666666, 544.1932333333333, 544.1943333333334, 544.1949333333333, 544.1949666666667, 544.1954333333333, 544.1956666666666, 544.1958, 544.1960666666666, 544.1965, 544.1983, 544.1983333333334, 544.1999333333333, 544.2002333333334, 544.2002333333334, 544.2005666666666, 544.2006666666666, 544.2007, 544.201, 544.2023666666666, 544.2025333333333, 544.203, 544.2030666666667, 544.2036, 544.2053666666667, 544.2054666666667, 544.2056333333334, 544.2061333333334, 544.2061333333334, 544.2064666666666]","[64, 60, 85, 132, 38, 101, 67, 69, 101, 113, 60, 69, 67, 64, 5, 16, 99, 85, 10, 150, 212, 64, 13, 101, 152, 101, 60, 11, 85, 67, 106, 174, 5, 101, 39, 5, 195, 39, 38, 67, 11, 60, 85, 233, 113, 16, 179, 7, 67, 117, 85, 228, 179, 106, 107, 54, 93, 60, 16, 117, 64, 81, 85, 98, 64, 38, 71, 196, 3, 226, 11, 93, 67, 69, 119, 43, 174, 16, 52, 63, 5, 60, 85]","[64, 60, 85, 132, 38, 101, 67, 69, 113, 5, 16, 99, 10, 150, 212, 13, 152, 11, 106, 174, 39, 195, 233, 179, 7, 117, 228, 107, 54, 93, 81, 98, 71, 196, 3, 226, 119, 43, 52, 63]","[3, 5, 7, 10, 11, 13, 16, 38, 39, 43, 52, 54, 60, 63, 64, 67, 69, 71, 81, 85, 93, 98, 99, 101, 106, 107, 113, 117, 119, 132, 150, 152, 174, 179, 195, 196, 212, 226, 228, 233]"
544.7392,544.7472,544.7776,544.7472,7.348309516906738,38.4,"[544.7400333333334, 544.7400666666666, 544.7407, 544.7409, 544.7409333333334, 544.7409333333334, 544.7409666666666, 544.7412, 544.7415, 544.7418666666666, 544.7419333333333, 544.7419666666667, 544.7423333333334, 544.7425666666667, 544.7427666666666, 544.743, 544.7446, 544.7449666666666, 544.7450666666666, 544.7454333333334, 544.7455333333334, 544.7466666666667, 544.747, 544.7473666666667, 544.7476333333333, 544.7479333333333, 544.7482, 544.7487666666667, 544.749, 544.749, 544.7491, 544.7496666666667, 544.7500333333334, 544.7506333333333, 544.7537333333333, 544.755, 544.7558, 544.7562666666666, 544.7567333333334, 544.7567333333334, 544.7567666666666, 544.7569333333333, 544.7575666666667, 544.7607333333333, 544.7613333333334, 544.7616666666667, 544.7617333333334, 544.7617333333334, 544.7621, 544.7621666666666, 544.7627666666667, 544.7629666666667, 544.7636333333334, 544.7641333333333, 544.7641666666667, 544.7645, 544.7653666666666, 544.767, 544.7682666666667, 544.7684, 544.7684666666667, 544.7686333333334, 544.7687666666667, 544.7689333333333, 544.7702, 544.7702666666667, 544.7703666666666, 544.7704333333334, 544.7705666666667, 544.7706666666667, 544.7708, 544.7712333333334, 544.7731333333334, 544.7732666666667, 544.7734, 544.7736666666667, 544.7736666666667, 544.7742666666667, 544.7743333333333, 544.7744, 544.7753666666666, 544.7763333333334, 544.7772333333334, 544.7772666666667, 544.7774, 544.7774333333333]","[64, 57, 3, 85, 150, 218, 222, 14, 56, 11, 67, 212, 237, 98, 60, 38, 100, 67, 16, 237, 14, 11, 172, 3, 40, 106, 60, 85, 16, 3, 196, 96, 67, 209, 174, 119, 14, 16, 85, 122, 196, 3, 60, 67, 16, 94, 117, 106, 196, 200, 14, 10, 37, 60, 145, 3, 197, 67, 85, 145, 60, 5, 119, 57, 3, 226, 14, 39, 64, 107, 57, 13, 237, 3, 94, 16, 63, 60, 85, 117, 109, 67, 11, 81, 7, 196]","[64, 57, 3, 85, 150, 218, 222, 14, 56, 11, 67, 212, 237, 98, 60, 38, 100, 16, 172, 40, 106, 196, 96, 209, 174, 119, 122, 94, 117, 200, 10, 37, 145, 197, 5, 226, 39, 107, 13, 63, 109, 81, 7]","[3, 5, 7, 10, 11, 13, 14, 16, 37, 38, 39, 40, 56, 57, 60, 63, 64, 67, 81, 85, 94, 96, 98, 100, 106, 107, 109, 117, 119, 122, 145, 150, 172, 174, 196, 197, 200, 209, 212, 218, 222, 226, 237]"
546.7416,546.748,546.7696,546.748,2.783432006835937,28.0,"[546.7423, 546.7426, 546.7430666666667, 546.7433666666667, 546.7439666666667, 546.7440666666666, 546.7441333333334, 546.7441333333334, 546.7452, 546.7455333333334, 546.7456666666667, 546.7472, 546.7472666666666, 546.7492333333333, 546.7492666666667, 546.7494, 546.7498, 546.7506666666667, 546.7506666666667, 546.7507, 546.7508666666666, 546.7515, 546.7517, 546.7521, 546.7523666666667, 546.7529666666667, 546.7541666666667, 546.7543333333333, 546.7549666666666, 546.7568666666666, 546.7579666666667, 546.7579666666667, 546.758, 546.7580666666667, 546.7581666666666, 546.7598333333333, 546.7598666666667, 546.7600333333334, 546.7604, 546.7606333333333, 546.7611, 546.7611, 546.7615, 546.7618, 546.7618, 546.7620333333333, 546.7627666666667, 546.7646, 546.7648333333333, 546.7650666666667, 546.7650666666667, 546.7656, 546.7656666666667, 546.7660333333333, 546.7662, 546.7668666666667, 546.7672666666666, 546.7677, 546.7683333333333, 546.7684, 546.7688, 546.7689333333333]","[119, 85, 3, 98, 168, 72, 235, 228, 63, 174, 67, 16, 85, 72, 235, 67, 3, 60, 106, 152, 54, 85, 170, 64, 63, 197, 60, 11, 85, 101, 67, 16, 63, 69, 5, 101, 218, 85, 94, 41, 64, 107, 233, 85, 60, 152, 40, 13, 188, 3, 196, 107, 0, 64, 67, 110, 16, 172, 212, 85, 11, 86]","[119, 85, 3, 98, 168, 72, 235, 228, 63, 174, 67, 16, 60, 106, 152, 54, 170, 64, 197, 11, 101, 69, 5, 218, 94, 41, 107, 233, 40, 13, 188, 196, 0, 110, 172, 212, 86]","[0, 3, 5, 11, 13, 16, 40, 41, 54, 60, 63, 64, 67, 69, 72, 85, 86, 94, 98, 101, 106, 107, 110, 119, 152, 168, 170, 172, 174, 188, 196, 197, 212, 218, 228, 233, 235]"
578.4616,578.466,578.4912,578.466,2.704710006713867,29.6,"[578.4627666666667, 578.4630333333333, 578.4653, 578.4657, 578.4666666666667, 578.4671333333333, 578.4674, 578.4678, 578.4684333333333, 578.4686333333333, 578.4698333333333, 578.4707, 578.4709, 578.4719, 578.4721333333333, 578.4724333333334, 578.4727333333333, 578.4732, 578.4739, 578.4743333333333, 578.4757333333333, 578.4759333333334, 578.4789666666667, 578.4791, 578.4795, 578.4801666666667, 578.4805666666666, 578.4806666666667, 578.4808, 578.4808, 578.4855333333334, 578.4862666666667, 578.4864333333334, 578.4873333333334, 578.4876, 578.4880333333333, 578.4880333333333, 578.4882, 578.4884666666667, 578.4886, 578.4894333333333, 578.4895, 578.4903333333333]","[52, 14, 69, 67, 174, 66, 16, 132, 5, 150, 60, 92, 63, 64, 43, 0, 233, 67, 16, 119, 173, 52, 14, 0, 172, 85, 64, 16, 11, 152, 67, 64, 153, 233, 16, 65, 60, 64, 63, 107, 153, 55, 212]","[52, 14, 69, 67, 174, 66, 16, 132, 5, 150, 60, 92, 63, 64, 43, 0, 233, 119, 173, 172, 85, 11, 152, 153, 65, 107, 55, 212]","[0, 5, 11, 14, 16, 43, 52, 55, 60, 63, 64, 65, 66, 67, 69, 85, 92, 107, 119, 132, 150, 152, 153, 172, 173, 174, 212, 233]"
3132.5632,3132.5776,3132.586,3132.5776,4.755108833312988,22.8,"[3132.5648, 3132.5658333333336, 3132.566, 3132.5664666666667, 3132.5675666666666, 3132.5697, 3132.5698666666667, 3132.5716, 3132.5716666666667, 3132.5716666666667, 3132.5727, 3132.5727666666667, 3132.5736333333334, 3132.5736666666667, 3132.5738333333334, 3132.5745666666667, 3132.5752333333335, 3132.5772666666667, 3132.5781333333334, 3132.5785666666666, 3132.5799666666667, 3132.58, 3132.5801333333334, 3132.5811, 3132.5812, 3132.582933333333, 3132.5835333333334, 3132.584, 3132.584766666667, 3132.5848666666666, 3132.5856, 3132.5859]","[69, 56, 85, 101, 16, 67, 212, 101, 106, 56, 85, 179, 216, 190, 63, 60, 117, 67, 69, 101, 174, 63, 168, 223, 85, 196, 226, 67, 109, 60, 85, 119]","[69, 56, 85, 101, 16, 67, 212, 106, 179, 216, 190, 63, 60, 117, 174, 168, 223, 196, 226, 109, 119]","[16, 56, 60, 63, 67, 69, 85, 101, 106, 109, 117, 119, 168, 174, 179, 190, 196, 212, 216, 223, 226]"
3132.6928,3132.7004,3132.7128,3132.7004,4.044727802276611,20.0,"[3132.6928333333335, 3132.6928666666668, 3132.693366666667, 3132.6946666666668, 3132.6948666666667, 3132.6948666666667, 3132.6952333333334, 3132.6962, 3132.6966666666667, 3132.6983, 3132.6984666666667, 3132.6989, 3132.6990333333333, 3132.6991333333335, 3132.6991666666668, 3132.6995333333334, 3132.6996, 3132.699666666667, 3132.7001333333333, 3132.700533333333, 3132.7011666666667, 3132.7014, 3132.701666666667, 3132.7018333333335, 3132.7019333333333, 3132.7036333333335, 3132.7042, 3132.7054333333335, 3132.7058666666667, 3132.706833333333, 3132.7071666666666, 3132.7072, 3132.7073333333333, 3132.7073666666665, 3132.7074333333335, 3132.7085666666667, 3132.709, 3132.709533333333, 3132.7096666666666, 3132.710633333333, 3132.710866666667, 3132.7109, 3132.7112]","[153, 13, 16, 63, 85, 188, 60, 16, 67, 152, 67, 85, 16, 11, 14, 60, 101, 99, 64, 117, 11, 0, 153, 106, 63, 60, 16, 166, 1, 85, 69, 64, 145, 52, 67, 101, 16, 60, 69, 101, 63, 50, 24]","[153, 13, 16, 63, 85, 188, 60, 67, 152, 11, 14, 101, 99, 64, 117, 0, 106, 166, 1, 69, 145, 52, 50, 24]","[0, 1, 11, 13, 14, 16, 24, 50, 52, 60, 63, 64, 67, 69, 85, 99, 101, 106, 117, 145, 152, 153, 166, 188]"
3136.394,3136.4156,3136.4212,3136.4156,3.57403302192688,27.2,"[3136.3942666666667, 3136.3946, 3136.3946666666666, 3136.3951333333334, 3136.3953333333334, 3136.3954, 3136.3957333333333, 3136.3961, 3136.3978666666667, 3136.3984, 3136.4013333333332, 3136.4014333333334, 3136.4018, 3136.4024666666664, 3136.4037333333335, 3136.4038333333333, 3136.405333333333, 3136.4058, 3136.4060666666664, 3136.406233333333, 3136.4070666666667, 3136.407133333333, 3136.407366666667, 3136.4077, 3136.4086666666667, 3136.4092333333333, 3136.4093333333335, 3136.4094333333333, 3136.4094333333333, 3136.4098, 3136.4114666666665, 3136.4115666666667, 3136.4118, 3136.4119666666666, 3136.4119666666666, 3136.4119666666666, 3136.4120666666668, 3136.4121, 3136.4121666666665, 3136.4126333333334, 3136.4126333333334, 3136.4129, 3136.4136, 3136.4138, 3136.4147, 3136.415, 3136.4166333333333, 3136.4194333333335, 3136.4194666666667, 3136.4199, 3136.4202333333333, 3136.4203666666667, 3136.4207666666666, 3136.4209, 3136.4211]","[67, 113, 19, 39, 60, 14, 16, 152, 85, 98, 67, 57, 152, 16, 85, 60, 197, 67, 108, 16, 150, 55, 215, 85, 67, 174, 102, 117, 60, 40, 16, 63, 69, 67, 132, 102, 81, 196, 85, 0, 233, 40, 228, 212, 119, 153, 166, 16, 170, 85, 81, 196, 107, 173, 67]","[67, 113, 19, 39, 60, 14, 16, 152, 85, 98, 57, 197, 108, 150, 55, 215, 174, 102, 117, 40, 63, 69, 132, 81, 196, 0, 233, 228, 212, 119, 153, 166, 170, 107, 173]","[0, 14, 16, 19, 39, 40, 55, 57, 60, 63, 67, 69, 81, 85, 98, 102, 107, 108, 113, 117, 119, 132, 150, 152, 153, 166, 170, 173, 174, 196, 197, 212, 215, 228, 233]"
3137.9176,3137.9276,3137.9392,3137.9276,6.73667573928833,21.6,"[3137.9176333333335, 3137.9178666666667, 3137.918166666667, 3137.9183333333335, 3137.9192333333335, 3137.9193, 3137.9195666666665, 3137.919766666667, 3137.9199, 3137.9205666666667, 3137.9205666666667, 3137.9207666666666, 3137.9209, 3137.9211333333333, 3137.9212, 3137.921766666667, 3137.9225333333334, 3137.9243, 3137.925333333333, 3137.9263333333333, 3137.9265333333333, 3137.926933333333, 3137.927, 3137.9270666666666, 3137.9272333333333, 3137.9272666666666, 3137.9276, 3137.9276, 3137.9279333333334, 3137.9283333333333, 3137.9283333333333, 3137.9307, 3137.9319, 3137.9326, 3137.9329, 3137.9331, 3137.933233333333, 3137.9333333333334, 3137.9337333333333, 3137.9338666666667, 3137.9339, 3137.934, 3137.934566666667, 3137.9346333333333, 3137.9349, 3137.9351333333334, 3137.9351666666666, 3137.9353, 3137.9354, 3137.9356, 3137.9382333333333, 3137.9390333333336]","[81, 16, 85, 227, 118, 67, 41, 63, 55, 5, 107, 60, 145, 37, 118, 85, 67, 119, 16, 196, 39, 153, 67, 226, 52, 85, 39, 11, 60, 107, 233, 16, 67, 41, 5, 119, 78, 52, 55, 16, 52, 10, 85, 197, 41, 102, 63, 153, 78, 60, 78, 39]","[81, 16, 85, 227, 118, 67, 41, 63, 55, 5, 107, 60, 145, 37, 119, 196, 39, 153, 226, 52, 11, 233, 78, 10, 197, 102]","[5, 10, 11, 16, 37, 39, 41, 52, 55, 60, 63, 67, 78, 81, 85, 102, 107, 118, 119, 145, 153, 196, 197, 226, 227, 233]"
3138.424,3138.428,3138.4444,3138.428,2.661327123641968,20.4,"[3138.425166666667, 3138.4252, 3138.4254, 3138.4256, 3138.4263, 3138.4266666666667, 3138.4268333333334, 3138.427, 3138.4270666666666, 3138.4273333333335, 3138.4273333333335, 3138.4274, 3138.4276, 3138.4276, 3138.4277, 3138.427833333333, 3138.4303, 3138.4314, 3138.4317666666666, 3138.4319, 3138.432533333333, 3138.4328333333333, 3138.4329, 3138.4334, 3138.433433333333, 3138.4335666666666, 3138.435233333333, 3138.4356, 3138.4357666666665, 3138.4361, 3138.436133333333, 3138.436166666667, 3138.4381333333336, 3138.4385333333335, 3138.439066666667, 3138.4392333333335, 3138.4394, 3138.4396, 3138.439766666667, 3138.439966666667, 3138.4407666666666, 3138.4440666666665]","[13, 1, 94, 56, 93, 70, 85, 67, 222, 13, 16, 108, 204, 55, 63, 233, 13, 222, 85, 67, 196, 93, 101, 16, 11, 113, 69, 222, 233, 85, 63, 93, 67, 152, 0, 174, 60, 94, 16, 101, 57, 85]","[13, 1, 94, 56, 93, 70, 85, 67, 222, 16, 108, 204, 55, 63, 233, 196, 101, 11, 113, 69, 152, 0, 174, 60, 57]","[0, 1, 11, 13, 16, 55, 56, 57, 60, 63, 67, 69, 70, 85, 93, 94, 101, 108, 113, 152, 174, 196, 204, 222, 233]"
3138.6408,3138.6524,3138.6616,3138.6524,3.706782817840576,20.8,"[3138.6412666666665, 3138.6412666666665, 3138.6428666666666, 3138.6433666666667, 3138.6437666666666, 3138.644366666667, 3138.644533333333, 3138.6446333333333, 3138.6450333333332, 3138.6457666666665, 3138.6462666666666, 3138.646333333333, 3138.646333333333, 3138.6469666666667, 3138.647033333333, 3138.647066666667, 3138.6484666666665, 3138.6489333333334, 3138.6495, 3138.6499, 3138.650166666667, 3138.651, 3138.6519333333335, 3138.6522333333332, 3138.6523, 3138.6531666666665, 3138.6534, 3138.6541, 3138.6542, 3138.6543333333334, 3138.6547333333333, 3138.6550666666667, 3138.6557666666668, 3138.6562, 3138.656233333333, 3138.6566666666668, 3138.6567, 3138.6567, 3138.658266666667, 3138.6588333333334, 3138.659, 3138.6590666666666, 3138.6593333333335, 3138.6593666666668, 3138.6597, 3138.659866666667, 3138.6602666666668, 3138.6603666666665, 3138.6603666666665, 3138.6608333333334]","[179, 230, 16, 11, 101, 85, 188, 60, 117, 179, 3, 191, 64, 67, 112, 111, 93, 191, 16, 85, 233, 188, 11, 103, 93, 11, 60, 81, 218, 85, 16, 1, 80, 99, 151, 64, 111, 112, 113, 67, 101, 170, 16, 196, 64, 10, 37, 60, 233, 85]","[179, 230, 16, 11, 101, 85, 188, 60, 117, 3, 191, 64, 67, 112, 111, 93, 233, 103, 81, 218, 1, 80, 99, 151, 113, 170, 196, 10, 37]","[1, 3, 10, 11, 16, 37, 60, 64, 67, 80, 81, 85, 93, 99, 101, 103, 111, 112, 113, 117, 151, 170, 179, 188, 191, 196, 218, 230, 233]"
3140.358,3140.372,3140.3796,3140.372,4.733482837677002,21.6,"[3140.358, 3140.3600333333334, 3140.3603333333335, 3140.3609, 3140.3609666666666, 3140.3611666666666, 3140.3613666666665, 3140.3622, 3140.3637, 3140.363766666667, 3140.366233333333, 3140.3665, 3140.3665666666666, 3140.3666, 3140.3672666666666, 3140.3676666666665, 3140.3677333333335, 3140.3683, 3140.3687333333332, 3140.3688666666667, 3140.3688666666667, 3140.3689, 3140.3693333333335, 3140.3694666666665, 3140.3697333333334, 3140.3698666666664, 3140.3699333333334, 3140.3714666666665, 3140.3715, 3140.372, 3140.3722333333335, 3140.373633333333, 3140.3740333333335, 3140.3753333333334, 3140.3755333333334, 3140.3776333333335, 3140.378166666667, 3140.3792]","[11, 67, 57, 174, 227, 85, 101, 216, 13, 60, 67, 228, 56, 170, 101, 212, 60, 216, 67, 85, 16, 63, 5, 107, 56, 185, 101, 60, 173, 85, 227, 57, 153, 63, 13, 60, 57, 85]","[11, 67, 57, 174, 227, 85, 101, 216, 13, 60, 228, 56, 170, 212, 16, 63, 5, 107, 185, 173, 153]","[5, 11, 13, 16, 56, 57, 60, 63, 67, 85, 101, 107, 153, 170, 173, 174, 185, 212, 216, 227, 228]"
3147.3772,3147.4292,3147.4584,3147.4292,4.574925422668457,81.2,"[3147.377233333333, 3147.3774333333336, 3147.3774333333336, 3147.3777333333333, 3147.3784333333333, 3147.38, 3147.3813666666665, 3147.3829, 3147.3832, 3147.3835, 3147.3836, 3147.3837, 3147.3838333333333, 3147.3845, 3147.3848333333335, 3147.3853, 3147.386433333333, 3147.387166666667, 3147.3877666666667, 3147.388233333333, 3147.3886333333335, 3147.3888333333334, 3147.3893333333335, 3147.3908, 3147.3911333333335, 3147.391166666667, 3147.3915, 3147.393433333333, 3147.394333333333, 3147.395, 3147.3952, 3147.395266666667, 3147.3953666666666, 3147.3964666666666, 3147.3966, 3147.3969666666667, 3147.397, 3147.397066666667, 3147.3971333333334, 3147.3971333333334, 3147.3971666666666, 3147.3973, 3147.3975, 3147.399966666667, 3147.400633333333, 3147.400833333333, 3147.401, 3147.4010333333335, 3147.4020666666665, 3147.4022333333332, 3147.402433333333, 3147.4029, 3147.403, 3147.4030666666667, 3147.4030666666667, 3147.4036333333333, 3147.404, 3147.4040666666665, 3147.4041333333334, 3147.4044, 3147.404466666667, 3147.4048, 3147.4054666666666, 3147.406466666667, 3147.4068333333335, 3147.4077, 3147.4081, 3147.408266666667, 3147.4085666666665, 3147.4086, 3147.4093666666668, 3147.4094666666665, 3147.4094666666665, 3147.4095, 3147.4101333333333, 3147.4103666666665, 3147.4110333333333, 3147.412, 3147.4131666666667, 3147.413233333333, 3147.413233333333, 3147.4141666666665, 3147.4144333333334, 3147.4160666666667, 3147.4166, 3147.417266666667, 3147.4174666666668, 3147.4179, 3147.417933333333, 3147.418, 3147.4180333333334, 3147.4187666666667, 3147.4222666666665, 3147.4228, 3147.4234333333334, 3147.4234666666666, 3147.4244, 3147.4247666666665, 3147.425133333333, 3147.425166666667, 3147.4257, 3147.4267333333332, 3147.4272333333333, 3147.4274, 3147.4275, 3147.428766666667, 3147.4294, 3147.429633333333, 3147.4303333333332, 3147.4303666666665, 3147.4303666666665, 3147.4308333333333, 3147.4308666666666, 3147.4313333333334, 3147.4316, 3147.4318, 3147.4333, 3147.4336, 3147.4338666666667, 3147.4341666666664, 3147.434366666667, 3147.4358, 3147.436166666667, 3147.4374, 3147.4383666666668, 3147.4391666666666, 3147.439533333333, 3147.4407333333334, 3147.4409666666666, 3147.4414666666667, 3147.4416, 3147.4416666666666, 3147.4429333333333, 3147.443366666667, 3147.443566666667, 3147.4443666666666, 3147.444933333333, 3147.4459333333334, 3147.4464, 3147.447166666667, 3147.4476, 3147.4488666666666, 3147.4490666666666, 3147.4513333333334, 3147.4523, 3147.452366666667, 3147.453, 3147.453, 3147.453266666667, 3147.453266666667, 3147.4544, 3147.4545333333335, 3147.4548, 3147.4549, 3147.455466666667, 3147.456, 3147.4560333333334, 3147.4562333333333, 3147.4562666666666, 3147.4576]","[196, 60, 233, 67, 99, 190, 85, 16, 11, 67, 60, 94, 63, 10, 37, 5, 166, 67, 188, 44, 173, 16, 85, 117, 60, 5, 11, 16, 67, 69, 85, 118, 5, 67, 41, 196, 16, 152, 179, 117, 7, 94, 60, 11, 67, 13, 81, 188, 13, 196, 102, 179, 7, 85, 67, 60, 16, 119, 13, 236, 69, 153, 96, 197, 13, 13, 197, 3, 179, 7, 63, 67, 118, 190, 13, 66, 16, 0, 94, 85, 60, 67, 16, 188, 3, 11, 188, 196, 16, 67, 85, 63, 60, 86, 52, 56, 67, 85, 64, 16, 10, 108, 13, 60, 106, 117, 64, 233, 63, 16, 152, 81, 3, 10, 64, 196, 60, 85, 113, 69, 67, 16, 5, 222, 5, 60, 190, 85, 16, 70, 162, 67, 94, 63, 37, 55, 10, 166, 222, 190, 85, 106, 64, 222, 179, 85, 119, 91, 16, 41, 67, 102, 0, 81, 233, 222, 190, 152, 37, 85]","[196, 60, 233, 67, 99, 190, 85, 16, 11, 94, 63, 10, 37, 5, 166, 188, 44, 173, 117, 69, 118, 41, 152, 179, 7, 13, 81, 102, 119, 236, 153, 96, 197, 3, 66, 0, 86, 52, 56, 64, 108, 106, 113, 222, 70, 162, 55, 91]","[0, 3, 5, 7, 10, 11, 13, 16, 37, 41, 44, 52, 55, 56, 60, 63, 64, 66, 67, 69, 70, 81, 85, 86, 91, 94, 96, 99, 102, 106, 108, 113, 117, 118, 119, 152, 153, 162, 166, 173, 179, 188, 190, 196, 197, 222, 233, 236]"
3148.3012,3148.3192,3148.3276,3148.3192,8.314770698547363,26.4,"[3148.3015666666665, 3148.3034, 3148.303733333333, 3148.3044333333332, 3148.304633333333, 3148.3049666666666, 3148.305566666667, 3148.3062, 3148.3062666666665, 3148.306433333333, 3148.3078, 3148.3078333333333, 3148.3079333333335, 3148.3085333333333, 3148.3089666666665, 3148.309133333333, 3148.3096666666665, 3148.3097666666667, 3148.3106666666667, 3148.3118, 3148.311833333333, 3148.3121333333333, 3148.3125666666665, 3148.3126333333335, 3148.312733333333, 3148.313166666667, 3148.3135666666667, 3148.3137333333334, 3148.3137333333334, 3148.3138, 3148.3141, 3148.3152666666665, 3148.315633333333, 3148.3160333333335, 3148.3162, 3148.3163666666665, 3148.3166666666666, 3148.3171, 3148.3178666666668, 3148.3178666666668, 3148.3181, 3148.3182666666667, 3148.318366666667, 3148.318366666667, 3148.3187333333335, 3148.3187666666668, 3148.3191666666667, 3148.319933333333, 3148.3208, 3148.3211666666666, 3148.3211666666666, 3148.322633333333, 3148.3235, 3148.3242333333333, 3148.3245, 3148.3249, 3148.3250666666668, 3148.325333333333, 3148.3256333333334, 3148.325733333333, 3148.3259, 3148.3259333333335, 3148.327333333333]","[60, 119, 106, 67, 70, 85, 222, 196, 55, 11, 54, 67, 60, 85, 119, 1, 153, 52, 16, 196, 13, 222, 174, 85, 14, 67, 102, 64, 107, 60, 69, 16, 106, 85, 41, 5, 237, 65, 14, 99, 55, 67, 11, 105, 40, 197, 60, 52, 85, 11, 96, 138, 67, 119, 98, 63, 41, 55, 10, 16, 228, 237, 60]","[60, 119, 106, 67, 70, 85, 222, 196, 55, 11, 54, 1, 153, 52, 16, 13, 174, 14, 102, 64, 107, 69, 41, 5, 237, 65, 99, 105, 40, 197, 96, 138, 98, 63, 10, 228]","[1, 5, 10, 11, 13, 14, 16, 40, 41, 52, 54, 55, 60, 63, 64, 65, 67, 69, 70, 85, 96, 98, 99, 102, 105, 106, 107, 119, 138, 153, 174, 196, 197, 222, 228, 237]"
3150.6028,3150.628,3150.642,3150.628,10.748808860778809,39.2,"[3150.6030666666666, 3150.6032666666665, 3150.6034666666665, 3150.6037666666666, 3150.6039666666666, 3150.6041, 3150.6041, 3150.6042666666667, 3150.604333333333, 3150.6048333333333, 3150.6051666666667, 3150.605466666667, 3150.6055, 3150.6057333333333, 3150.6058, 3150.6058333333335, 3150.6058333333335, 3150.6067333333335, 3150.607266666667, 3150.607266666667, 3150.6074, 3150.607666666667, 3150.6081, 3150.6102, 3150.6102, 3150.6104, 3150.6111333333333, 3150.6112, 3150.611533333333, 3150.6115666666665, 3150.6116666666667, 3150.6118, 3150.6122666666665, 3150.6123333333335, 3150.6132333333335, 3150.6140333333333, 3150.6140333333333, 3150.614466666667, 3150.6147333333333, 3150.6153, 3150.615333333333, 3150.6159333333335, 3150.6163666666666, 3150.6163666666666, 3150.616433333333, 3150.6165333333333, 3150.6167333333333, 3150.6168333333335, 3150.6169, 3150.6170333333334, 3150.6170666666667, 3150.6174666666666, 3150.6174666666666, 3150.6178666666665, 3150.6183, 3150.6184333333335, 3150.6189, 3150.6193, 3150.6195666666667, 3150.6197, 3150.6198, 3150.6201666666666, 3150.620933333333, 3150.6211333333335, 3150.6214333333332, 3150.6219333333333, 3150.6223666666665, 3150.622533333333, 3150.6225666666664, 3150.6227, 3150.622733333333, 3150.6229333333335, 3150.6231, 3150.6231, 3150.6231333333335, 3150.6231333333335, 3150.6231666666667, 3150.6232666666665, 3150.6233666666667, 3150.6243, 3150.624333333333, 3150.6244, 3150.6244666666666, 3150.624566666667, 3150.6248666666665, 3150.6249, 3150.6256333333336, 3150.6258333333335, 3150.6271, 3150.6271, 3150.6271666666667, 3150.627233333333, 3150.6276333333335, 3150.6277, 3150.627933333333, 3150.6279666666665, 3150.6280666666667, 3150.6283, 3150.6283, 3150.6283333333336, 3150.6284666666666, 3150.6285333333335, 3150.6286, 3150.6286666666665, 3150.6294333333335, 3150.6295333333333, 3150.6298, 3150.6298666666667, 3150.6299, 3150.6304666666665, 3150.6307, 3150.6312666666668, 3150.6314666666667, 3150.6323666666667, 3150.632833333333, 3150.6332666666667, 3150.6333, 3150.633566666667, 3150.6343666666667, 3150.6347, 3150.6354, 3150.6354666666666, 3150.6356, 3150.6356333333333, 3150.6356666666666, 3150.6359666666667, 3150.6359666666667, 3150.6363, 3150.6367333333333, 3150.6369, 3150.6374, 3150.6384333333335, 3150.6392666666666, 3150.6397666666667, 3150.6403333333333, 3150.6412333333333, 3150.6412666666665, 3150.6413, 3150.641633333333]","[56, 78, 197, 222, 13, 57, 188, 3, 67, 14, 119, 11, 78, 55, 40, 101, 145, 16, 85, 67, 60, 69, 152, 106, 13, 60, 5, 85, 78, 222, 113, 16, 56, 13, 5, 198, 123, 85, 190, 67, 60, 107, 118, 60, 107, 236, 14, 16, 113, 198, 52, 222, 191, 196, 153, 3, 16, 40, 85, 201, 162, 119, 166, 197, 37, 67, 63, 85, 188, 237, 197, 60, 179, 145, 222, 162, 197, 195, 64, 13, 102, 0, 67, 200, 85, 188, 145, 11, 13, 108, 237, 16, 222, 63, 107, 11, 179, 60, 96, 145, 3, 232, 162, 197, 39, 13, 10, 85, 107, 69, 117, 13, 67, 237, 101, 198, 119, 16, 5, 222, 119, 85, 5, 107, 145, 41, 136, 55, 13, 16, 179, 198, 67, 85, 191, 11, 16, 3, 222]","[56, 78, 197, 222, 13, 57, 188, 3, 67, 14, 119, 11, 55, 40, 101, 145, 16, 85, 60, 69, 152, 106, 5, 113, 198, 123, 190, 107, 118, 236, 52, 191, 196, 153, 201, 162, 166, 37, 63, 237, 179, 195, 64, 102, 0, 200, 108, 96, 232, 39, 10, 117, 41, 136]","[0, 3, 5, 10, 11, 13, 14, 16, 37, 39, 40, 41, 52, 55, 56, 57, 60, 63, 64, 67, 69, 78, 85, 96, 101, 102, 106, 107, 108, 113, 117, 118, 119, 123, 136, 145, 152, 153, 162, 166, 179, 188, 190, 191, 195, 196, 197, 198, 200, 201, 222, 232, 236, 237]"
3151.4072,3151.4252,3151.4444,3151.4252,5.0064239501953125,37.2,"[3151.4072333333334, 3151.4072666666666, 3151.4074333333333, 3151.4074333333333, 3151.4075333333335, 3151.4076666666665, 3151.4077, 3151.4078666666665, 3151.4079, 3151.4086333333335, 3151.4086333333335, 3151.4097, 3151.4097333333334, 3151.410066666667, 3151.4104666666667, 3151.4108, 3151.4108666666666, 3151.4109, 3151.4111, 3151.4112333333333, 3151.411866666667, 3151.4121333333333, 3151.4123, 3151.4126, 3151.4131666666667, 3151.4132, 3151.4137, 3151.4137333333333, 3151.4138333333335, 3151.4147, 3151.4153666666666, 3151.4155666666666, 3151.4166666666665, 3151.417, 3151.417, 3151.417033333333, 3151.4171, 3151.4173, 3151.4174666666668, 3151.4176333333335, 3151.4181, 3151.4185, 3151.4193, 3151.419933333333, 3151.4205333333334, 3151.420666666667, 3151.4211666666665, 3151.421566666667, 3151.4221, 3151.4222, 3151.4224, 3151.422433333333, 3151.4227666666666, 3151.4228, 3151.4229333333333, 3151.423, 3151.423333333333, 3151.4234, 3151.4234333333334, 3151.4234666666666, 3151.423533333333, 3151.423566666667, 3151.4239, 3151.424433333333, 3151.424466666667, 3151.4249333333332, 3151.4250333333334, 3151.4253, 3151.425333333333, 3151.4258333333332, 3151.4267, 3151.4268, 3151.4281333333333, 3151.4282, 3151.4283333333333, 3151.4283333333333, 3151.4283666666665, 3151.4285333333332, 3151.4288333333334, 3151.428933333333, 3151.429, 3151.429166666667, 3151.4300333333335, 3151.4300333333335, 3151.430066666667, 3151.4302, 3151.4302333333335, 3151.4302666666667, 3151.4306, 3151.4309, 3151.4309333333335, 3151.4309333333335, 3151.430966666667, 3151.4311333333335, 3151.4312, 3151.431866666667, 3151.4320333333335, 3151.4332666666664, 3151.4334, 3151.433466666667, 3151.4335, 3151.4335, 3151.4335333333333, 3151.4337, 3151.434566666667, 3151.4347333333335, 3151.4348333333332, 3151.4348333333332, 3151.4348666666665, 3151.4349333333334, 3151.4349666666667, 3151.4354333333335, 3151.4355666666665, 3151.4363, 3151.4363333333336, 3151.4365333333335, 3151.4365666666667, 3151.436833333333, 3151.437, 3151.4371, 3151.437266666667, 3151.4373, 3151.4374333333335, 3151.4376666666667, 3151.4377, 3151.4377666666664, 3151.4383, 3151.4387333333334, 3151.4389, 3151.4390333333336, 3151.4392333333335, 3151.4394, 3151.4396666666667, 3151.4399, 3151.4400333333333, 3151.4402666666665, 3151.4409333333333, 3151.4411, 3151.4414, 3151.441566666667, 3151.4418333333333, 3151.4423666666667, 3151.442433333333, 3151.4426333333336, 3151.4430333333335, 3151.4436, 3151.4436666666666]","[108, 67, 16, 145, 40, 233, 81, 223, 70, 94, 118, 78, 11, 11, 188, 72, 13, 11, 37, 60, 67, 63, 60, 78, 132, 170, 16, 237, 85, 153, 132, 5, 52, 237, 3, 60, 222, 3, 145, 106, 67, 85, 70, 173, 16, 117, 179, 188, 85, 102, 11, 13, 96, 107, 40, 237, 67, 188, 145, 162, 60, 70, 63, 60, 212, 99, 119, 237, 1, 162, 140, 85, 67, 108, 162, 119, 5, 101, 10, 100, 153, 208, 150, 63, 16, 60, 64, 13, 67, 188, 237, 19, 1, 85, 19, 50, 24, 119, 69, 37, 67, 5, 60, 85, 96, 222, 3, 100, 188, 64, 63, 197, 11, 16, 67, 102, 85, 13, 119, 166, 64, 132, 145, 237, 64, 117, 191, 85, 150, 5, 233, 60, 16, 67, 153, 70, 11, 85, 64, 226, 38, 13, 63, 188, 67, 122, 40]","[108, 67, 16, 145, 40, 233, 81, 223, 70, 94, 118, 78, 11, 188, 72, 13, 37, 60, 63, 132, 170, 237, 85, 153, 5, 52, 3, 222, 106, 173, 117, 179, 102, 96, 107, 162, 212, 99, 119, 1, 140, 101, 10, 100, 208, 150, 64, 19, 50, 24, 69, 197, 166, 191, 226, 38, 122]","[1, 3, 5, 10, 11, 13, 16, 19, 24, 37, 38, 40, 50, 52, 60, 63, 64, 67, 69, 70, 72, 78, 81, 85, 94, 96, 99, 100, 101, 102, 106, 107, 108, 117, 118, 119, 122, 132, 140, 145, 150, 153, 162, 166, 170, 173, 179, 188, 191, 197, 208, 212, 222, 223, 226, 233, 237]"
3153.458,3153.4644,3153.5,3153.4644,4.078636646270752,42.0,"[3153.458666666667, 3153.4590333333335, 3153.4594666666667, 3153.459766666667, 3153.4603, 3153.460666666667, 3153.4609333333333, 3153.4617333333335, 3153.4623, 3153.463166666667, 3153.4641333333334, 3153.4643666666666, 3153.4648666666667, 3153.4650666666666, 3153.4663, 3153.4663333333333, 3153.4668666666666, 3153.4672333333333, 3153.4694, 3153.4696, 3153.4737333333333, 3153.4738, 3153.473933333333, 3153.4741, 3153.475, 3153.4751333333334, 3153.4759, 3153.475966666667, 3153.4761, 3153.4763333333335, 3153.4782333333333, 3153.4782666666665, 3153.4790333333335, 3153.4803333333334, 3153.4803333333334, 3153.4808666666668, 3153.4809, 3153.4845, 3153.4846, 3153.4854, 3153.4857666666667, 3153.4862333333335, 3153.486766666667, 3153.488766666667, 3153.489633333333, 3153.4903, 3153.4905, 3153.490566666667, 3153.4911333333334, 3153.4920333333334, 3153.4937333333332, 3153.495066666667, 3153.495266666667, 3153.4955, 3153.4958666666666, 3153.495933333333, 3153.495966666667, 3153.4961, 3153.4962333333333, 3153.4965666666667, 3153.497066666667, 3153.4974666666667]","[60, 140, 102, 224, 85, 101, 69, 40, 101, 154, 5, 67, 196, 5, 112, 111, 60, 16, 67, 138, 86, 193, 119, 94, 16, 85, 86, 193, 63, 60, 67, 94, 64, 16, 63, 11, 101, 94, 93, 67, 60, 119, 11, 101, 41, 233, 16, 152, 174, 94, 39, 16, 85, 67, 93, 188, 63, 107, 94, 174, 185, 1]","[60, 140, 102, 224, 85, 101, 69, 40, 154, 5, 67, 196, 112, 111, 16, 138, 86, 193, 119, 94, 63, 64, 11, 93, 41, 233, 152, 174, 39, 188, 107, 185, 1]","[1, 5, 11, 16, 39, 40, 41, 60, 63, 64, 67, 69, 85, 86, 93, 94, 101, 102, 107, 111, 112, 119, 138, 140, 152, 154, 174, 185, 188, 193, 196, 224, 233]"
3153.5604,3153.5644,3153.5888,3153.5644,2.913572311401367,28.4,"[3153.5607666666665, 3153.5612666666666, 3153.5615666666667, 3153.5617666666667, 3153.5618666666664, 3153.5632, 3153.5646333333334, 3153.5648, 3153.5651333333335, 3153.5651666666668, 3153.5655333333334, 3153.5656, 3153.565866666667, 3153.5659666666666, 3153.5660666666668, 3153.5661666666665, 3153.5675, 3153.5675333333334, 3153.5678666666668, 3153.5705, 3153.5707666666667, 3153.571033333333, 3153.5711333333334, 3153.5722666666666, 3153.5729, 3153.573066666667, 3153.5736, 3153.5737, 3153.5739, 3153.5741, 3153.5741666666668, 3153.5751, 3153.5754333333334, 3153.5758, 3153.5761666666667, 3153.576866666667, 3153.578233333333, 3153.5783, 3153.579, 3153.5808, 3153.5811, 3153.5812666666666, 3153.5816333333332, 3153.5819333333334, 3153.5825, 3153.583633333333, 3153.5841666666665, 3153.5845, 3153.5854, 3153.5855, 3153.5855333333334, 3153.5859, 3153.5869333333335, 3153.5875333333333, 3153.5880666666667, 3153.588333333333, 3153.5884666666666, 3153.5885, 3153.5885, 3153.5886333333333, 3153.5887666666667]","[85, 67, 108, 93, 81, 117, 10, 16, 13, 102, 107, 55, 101, 145, 5, 179, 67, 118, 63, 13, 85, 226, 179, 67, 13, 101, 107, 11, 117, 107, 5, 64, 224, 52, 85, 60, 226, 67, 16, 101, 85, 5, 226, 67, 196, 64, 16, 5, 85, 108, 67, 69, 138, 117, 63, 3, 16, 5, 72, 56, 101]","[85, 67, 108, 93, 81, 117, 10, 16, 13, 102, 107, 55, 101, 145, 5, 179, 118, 63, 226, 11, 64, 224, 52, 60, 196, 69, 138, 3, 72, 56]","[3, 5, 10, 11, 13, 16, 52, 55, 56, 60, 63, 64, 67, 69, 72, 81, 85, 93, 101, 102, 107, 108, 117, 118, 138, 145, 179, 196, 224, 226]"
3155.4932,3155.504,3155.5192,3155.504,6.182615280151367,26.0,"[3155.4939, 3155.4944666666665, 3155.496, 3155.4963666666667, 3155.4974666666667, 3155.4978666666666, 3155.4987666666666, 3155.4988333333336, 3155.4997333333336, 3155.5008666666668, 3155.5009666666665, 3155.5032, 3155.503366666667, 3155.5037, 3155.5048, 3155.5051333333336, 3155.5057, 3155.5058, 3155.5059333333334, 3155.5061666666666, 3155.5061666666666, 3155.5062, 3155.5063, 3155.5071333333335, 3155.5079, 3155.5084666666667, 3155.5094, 3155.5113, 3155.5115, 3155.5115666666666, 3155.5132, 3155.514166666667, 3155.5149666666666, 3155.5153666666665, 3155.5163666666667, 3155.516666666667, 3155.5168, 3155.5173, 3155.5178333333333, 3155.5179, 3155.518, 3155.5180333333333, 3155.5181666666667, 3155.5184, 3155.5187]","[118, 212, 67, 85, 63, 16, 60, 190, 153, 188, 85, 67, 16, 13, 188, 38, 85, 16, 190, 132, 201, 93, 145, 67, 0, 60, 190, 44, 166, 145, 85, 60, 94, 67, 119, 78, 92, 16, 67, 233, 60, 85, 70, 11, 228]","[118, 212, 67, 85, 63, 16, 60, 190, 153, 188, 13, 38, 132, 201, 93, 145, 0, 44, 166, 94, 119, 78, 92, 233, 70, 11, 228]","[0, 11, 13, 16, 38, 44, 60, 63, 67, 70, 78, 85, 92, 93, 94, 118, 119, 132, 145, 153, 166, 188, 190, 201, 212, 228, 233]"
3371.0596,3371.0624,3371.08,3371.0624,2.6151998043060303,20.4,"[3371.0607666666665, 3371.0608666666667, 3371.0614333333333, 3371.0617, 3371.062266666667, 3371.0623666666665, 3371.0625, 3371.0625333333332, 3371.0628666666667, 3371.063166666667, 3371.0632666666666, 3371.0635, 3371.0637, 3371.0641333333333, 3371.0646333333334, 3371.065633333333, 3371.0677, 3371.0689, 3371.069466666667, 3371.0697666666665, 3371.0698333333335, 3371.070333333333, 3371.071, 3371.0714, 3371.0715, 3371.0715, 3371.0720666666666, 3371.0724, 3371.0724333333333, 3371.073066666667, 3371.0735666666665, 3371.073733333333, 3371.0747, 3371.0751, 3371.0754333333334, 3371.0756333333334, 3371.0758, 3371.0758, 3371.0762666666665, 3371.0769666666665, 3371.0770666666667, 3371.0771]","[16, 190, 153, 85, 179, 196, 227, 98, 40, 67, 0, 41, 16, 60, 10, 14, 109, 14, 11, 179, 7, 67, 85, 94, 109, 60, 16, 188, 233, 217, 13, 153, 67, 0, 13, 106, 179, 109, 60, 85, 67, 16]","[16, 190, 153, 85, 179, 196, 227, 98, 40, 67, 0, 41, 60, 10, 14, 109, 11, 7, 94, 188, 233, 217, 13, 106]","[0, 7, 10, 11, 13, 14, 16, 40, 41, 60, 67, 85, 94, 98, 106, 109, 153, 179, 188, 190, 196, 217, 227, 233]"
3371.6072,3371.6144,3371.6472,3371.6144,4.879312515258789,40.0,"[3371.609033333333, 3371.611, 3371.6112333333335, 3371.6117, 3371.6118, 3371.6119, 3371.611966666667, 3371.6129, 3371.6136333333334, 3371.614, 3371.6157333333335, 3371.6160666666665, 3371.6164, 3371.6167333333333, 3371.6170333333334, 3371.617566666667, 3371.6176, 3371.6176666666665, 3371.618233333333, 3371.6185, 3371.619133333333, 3371.6192333333333, 3371.6197666666667, 3371.619833333333, 3371.6201666666666, 3371.6204333333335, 3371.6204666666667, 3371.6207666666664, 3371.621633333333, 3371.6231, 3371.6243666666664, 3371.6246, 3371.6246333333333, 3371.6251, 3371.6259333333333, 3371.626, 3371.6265, 3371.6269333333335, 3371.6277666666665, 3371.6312, 3371.6318, 3371.631966666667, 3371.6323333333335, 3371.6324, 3371.6325333333334, 3371.6326, 3371.632666666667, 3371.6330333333335, 3371.6334666666667, 3371.6349666666665, 3371.6352666666667, 3371.6354, 3371.6361666666667, 3371.636233333333, 3371.6368, 3371.6372, 3371.6374333333333, 3371.6376333333333, 3371.6381, 3371.6381666666666, 3371.638466666667, 3371.6388, 3371.639133333333, 3371.6394333333333, 3371.6399333333334, 3371.6404333333335, 3371.6406333333334, 3371.6411, 3371.6413, 3371.6413, 3371.6414, 3371.6417, 3371.6423, 3371.6426333333334, 3371.6430666666665, 3371.6431333333335, 3371.6431333333335, 3371.6434, 3371.6436, 3371.644333333333, 3371.6456333333335, 3371.6465]","[85, 67, 81, 0, 101, 52, 70, 60, 85, 70, 67, 16, 70, 14, 52, 11, 60, 101, 85, 5, 196, 5, 174, 153, 117, 67, 64, 60, 85, 13, 67, 106, 13, 101, 103, 119, 60, 85, 228, 3, 85, 39, 86, 190, 67, 93, 16, 107, 60, 162, 85, 233, 13, 102, 54, 60, 40, 232, 43, 93, 13, 102, 86, 85, 152, 117, 93, 151, 106, 5, 162, 132, 60, 67, 85, 3, 37, 233, 162, 66, 5, 63]","[85, 67, 81, 0, 101, 52, 70, 60, 16, 14, 11, 5, 196, 174, 153, 117, 64, 13, 106, 103, 119, 228, 3, 39, 86, 190, 93, 107, 162, 233, 102, 54, 40, 232, 43, 152, 151, 132, 37, 66, 63]","[0, 3, 5, 11, 13, 14, 16, 37, 39, 40, 43, 52, 54, 60, 63, 64, 66, 67, 70, 81, 85, 86, 93, 101, 102, 103, 106, 107, 117, 119, 132, 151, 152, 153, 162, 174, 190, 196, 228, 232, 233]"
3372.4772,3372.4876,3372.5268,3372.4876,6.914287090301514,49.6,"[3372.4783333333335, 3372.4789666666666, 3372.479, 3372.4794, 3372.4794, 3372.4796, 3372.4803, 3372.480633333333, 3372.4809333333333, 3372.4809666666665, 3372.4809666666665, 3372.4810666666667, 3372.4813, 3372.4818666666665, 3372.482, 3372.4823666666666, 3372.4825666666666, 3372.4830666666667, 3372.4832333333334, 3372.4837666666667, 3372.4837666666667, 3372.4839666666667, 3372.4844333333335, 3372.4849, 3372.485133333333, 3372.4852666666666, 3372.4855333333335, 3372.4862333333335, 3372.4864333333335, 3372.486966666667, 3372.487166666667, 3372.487633333333, 3372.4881666666665, 3372.4883666666665, 3372.4886666666666, 3372.488966666667, 3372.4890666666665, 3372.4895666666666, 3372.4899333333333, 3372.4899666666665, 3372.4902, 3372.491233333333, 3372.4921, 3372.4921, 3372.4922, 3372.492333333333, 3372.4924333333333, 3372.4928666666665, 3372.4928666666665, 3372.493066666667, 3372.4932, 3372.4934, 3372.493466666667, 3372.4936333333335, 3372.4939, 3372.493933333333, 3372.4940333333334, 3372.4942, 3372.4947666666667, 3372.494833333333, 3372.4949666666666, 3372.4955, 3372.4955666666665, 3372.4958666666666, 3372.4962333333333, 3372.4965333333334, 3372.4971333333333, 3372.4971666666665, 3372.4975, 3372.4977, 3372.4978333333333, 3372.4979333333335, 3372.4981, 3372.4982333333332, 3372.4982666666665, 3372.4983, 3372.4983666666667, 3372.4984, 3372.4992666666667, 3372.499333333333, 3372.499333333333, 3372.4998666666665, 3372.5, 3372.500233333333, 3372.5004, 3372.5008333333335, 3372.5014, 3372.5016, 3372.5024, 3372.5025333333333, 3372.5029, 3372.503133333333, 3372.5034333333333, 3372.504, 3372.5041333333334, 3372.5041666666666, 3372.5042, 3372.504933333333, 3372.5051333333336, 3372.5054666666665, 3372.5055666666667, 3372.5057666666667, 3372.5058, 3372.5059, 3372.506, 3372.506033333333, 3372.5061666666666, 3372.5071, 3372.5071666666668, 3372.5075666666667, 3372.5075666666667, 3372.5079666666666, 3372.5081, 3372.5081333333333, 3372.5083666666665, 3372.5084, 3372.5084666666667, 3372.5089, 3372.509, 3372.509233333333, 3372.5092666666665, 3372.5097333333333, 3372.5100333333335, 3372.5101666666665, 3372.5104, 3372.510566666667, 3372.5106666666666, 3372.5107, 3372.5109666666667, 3372.5119, 3372.5125333333335, 3372.5127333333335, 3372.514, 3372.5140333333334, 3372.5158333333334, 3372.5159, 3372.5162666666665, 3372.5163, 3372.5174, 3372.5178333333333, 3372.5178666666666, 3372.517966666667, 3372.5180666666665, 3372.5188333333335, 3372.5191666666665, 3372.5191666666665, 3372.5192666666667, 3372.5202, 3372.5203, 3372.521133333333, 3372.522933333333, 3372.523, 3372.5230333333334, 3372.5230666666666, 3372.5235333333335, 3372.5236666666665, 3372.5239666666666, 3372.525, 3372.5250333333333, 3372.5251333333335, 3372.5259]","[188, 210, 222, 151, 5, 14, 63, 119, 13, 67, 60, 52, 85, 153, 198, 16, 132, 117, 222, 85, 67, 199, 222, 5, 5, 56, 60, 198, 105, 3, 67, 70, 85, 3, 11, 60, 198, 78, 197, 11, 222, 198, 14, 101, 85, 11, 216, 67, 69, 40, 117, 65, 16, 13, 202, 199, 151, 78, 70, 67, 85, 152, 198, 222, 78, 174, 85, 70, 14, 40, 179, 16, 55, 145, 40, 101, 78, 100, 102, 138, 13, 101, 222, 179, 145, 188, 13, 199, 198, 14, 222, 56, 190, 198, 13, 67, 85, 60, 102, 40, 118, 16, 153, 11, 55, 162, 212, 96, 13, 102, 40, 188, 101, 216, 3, 188, 5, 5, 195, 110, 190, 222, 199, 56, 85, 109, 41, 119, 67, 60, 16, 78, 71, 11, 196, 117, 232, 85, 10, 81, 41, 67, 11, 119, 3, 41, 152, 60, 174, 78, 57, 196, 67, 107, 138, 101, 5, 107, 3, 10, 14]","[188, 210, 222, 151, 5, 14, 63, 119, 13, 67, 60, 52, 85, 153, 198, 16, 132, 117, 199, 56, 105, 3, 70, 11, 78, 197, 101, 216, 69, 40, 65, 202, 152, 174, 179, 55, 145, 100, 102, 138, 190, 118, 162, 212, 96, 195, 110, 109, 41, 71, 196, 232, 10, 81, 57, 107]","[3, 5, 10, 11, 13, 14, 16, 40, 41, 52, 55, 56, 57, 60, 63, 65, 67, 69, 70, 71, 78, 81, 85, 96, 100, 101, 102, 105, 107, 109, 110, 117, 118, 119, 132, 138, 145, 151, 152, 153, 162, 174, 179, 188, 190, 195, 196, 197, 198, 199, 202, 210, 212, 216, 222, 232]"
3374.0336,3374.044,3374.0552,3374.044,59.417579650878906,21.6,"[3374.0345333333335, 3374.0354666666667, 3374.0361666666668, 3374.0376, 3374.0406666666668, 3374.040933333333, 3374.041, 3374.041133333333, 3374.042033333333, 3374.0421, 3374.0425, 3374.0425333333333, 3374.0430333333334, 3374.0432, 3374.0436, 3374.0442666666668, 3374.0444, 3374.045433333333, 3374.045833333333, 3374.0498, 3374.0507666666667, 3374.051466666667, 3374.0515, 3374.054, 3374.0541333333335]","[63, 138, 85, 99, 145, 67, 99, 85, 49, 196, 222, 16, 126, 48, 47, 46, 128, 24, 223, 151, 66, 11, 153, 179, 16]","[63, 138, 85, 99, 145, 67, 49, 196, 222, 16, 126, 48, 47, 46, 128, 24, 223, 151, 66, 11, 153, 179]","[11, 16, 24, 46, 47, 48, 49, 63, 66, 67, 85, 99, 126, 128, 138, 145, 151, 153, 179, 196, 222, 223]"
3378.4468,3378.4552,3378.4704,3378.4552,5.053443908691406,23.6,"[3378.4476, 3378.4482666666668, 3378.4485, 3378.448733333333, 3378.4488666666666, 3378.4494666666665, 3378.449666666667, 3378.449833333333, 3378.4501, 3378.4501333333333, 3378.450333333333, 3378.450333333333, 3378.4519333333333, 3378.4522, 3378.452333333333, 3378.4529, 3378.4537, 3378.4537, 3378.453933333333, 3378.4539666666665, 3378.4559, 3378.4562666666666, 3378.4565, 3378.458666666667, 3378.458833333333, 3378.460433333333, 3378.4609333333333, 3378.4612666666667, 3378.4625, 3378.4629333333332, 3378.463166666667, 3378.4634666666666, 3378.4634666666666, 3378.464933333333, 3378.4664333333335, 3378.4690666666665, 3378.4693, 3378.4693333333335, 3378.4700333333335]","[98, 40, 64, 1, 102, 14, 16, 188, 185, 85, 67, 3, 117, 94, 237, 120, 152, 60, 96, 40, 40, 16, 216, 138, 67, 174, 14, 237, 81, 94, 40, 85, 113, 64, 63, 65, 60, 1, 67]","[98, 40, 64, 1, 102, 14, 16, 188, 185, 85, 67, 3, 117, 94, 237, 120, 152, 60, 96, 216, 138, 174, 81, 113, 63, 65]","[1, 3, 14, 16, 40, 60, 63, 64, 65, 67, 81, 85, 94, 96, 98, 102, 113, 117, 120, 138, 152, 174, 185, 188, 216, 237]"
3378.5948,3378.6172,3378.6252,3378.6172,4.5146589279174805,30.4,"[3378.5950333333335, 3378.5951666666665, 3378.596, 3378.5961333333335, 3378.5963333333334, 3378.5967, 3378.5969, 3378.597133333333, 3378.5973, 3378.5975, 3378.5978, 3378.598466666667, 3378.5996, 3378.6004666666668, 3378.6005333333333, 3378.6006666666667, 3378.6007666666665, 3378.600966666667, 3378.6012333333333, 3378.6015333333335, 3378.6015333333335, 3378.601633333333, 3378.6017, 3378.6023666666665, 3378.604733333333, 3378.6048666666666, 3378.6049666666668, 3378.6057333333333, 3378.6058666666668, 3378.6060333333335, 3378.6068, 3378.6069666666667, 3378.607, 3378.6070666666665, 3378.607266666667, 3378.6076, 3378.608, 3378.608, 3378.6095666666665, 3378.609733333333, 3378.6105666666667, 3378.611033333333, 3378.6118, 3378.613966666667, 3378.6142333333332, 3378.6143666666667, 3378.6143666666667, 3378.6145, 3378.6149, 3378.6155, 3378.6167666666665, 3378.6169333333332, 3378.618, 3378.618233333333, 3378.6183, 3378.6183, 3378.6194, 3378.6199333333334, 3378.6202, 3378.6205333333332, 3378.6210666666666, 3378.6214, 3378.6219333333333, 3378.6222, 3378.623666666667, 3378.6242, 3378.624533333333, 3378.6252]","[185, 105, 10, 196, 16, 188, 67, 66, 85, 70, 117, 60, 3, 102, 13, 16, 85, 67, 60, 55, 145, 3, 138, 69, 85, 119, 60, 196, 103, 188, 13, 196, 72, 235, 16, 67, 3, 81, 153, 190, 16, 60, 122, 40, 85, 235, 72, 67, 196, 122, 16, 60, 67, 85, 94, 117, 41, 69, 66, 60, 113, 101, 16, 14, 107, 85, 170, 60]","[185, 105, 10, 196, 16, 188, 67, 66, 85, 70, 117, 60, 3, 102, 13, 55, 145, 138, 69, 119, 103, 72, 235, 81, 153, 190, 122, 40, 94, 41, 113, 101, 14, 107, 170]","[3, 10, 13, 14, 16, 40, 41, 55, 60, 66, 67, 69, 70, 72, 81, 85, 94, 101, 102, 103, 105, 107, 113, 117, 119, 122, 138, 145, 153, 170, 185, 188, 190, 196, 235]"
3378.768,3378.7732,3378.7928,3378.7732,3.54947566986084,24.8,"[3378.7680333333333, 3378.7680666666665, 3378.7694, 3378.7695, 3378.7696333333333, 3378.7716666666665, 3378.772033333333, 3378.7725666666665, 3378.7728666666667, 3378.772933333333, 3378.7733333333335, 3378.7734333333333, 3378.7735333333335, 3378.7735666666667, 3378.7737, 3378.774, 3378.7742, 3378.7750666666666, 3378.7770666666665, 3378.7779, 3378.7779666666665, 3378.7784, 3378.7791333333334, 3378.7792, 3378.7793333333334, 3378.7793666666666, 3378.779666666667, 3378.7805333333336, 3378.7806333333333, 3378.7809666666667, 3378.7814333333336, 3378.7825666666668, 3378.7826333333333, 3378.783033333333, 3378.783933333333, 3378.7842333333333, 3378.7843666666668, 3378.7859, 3378.7863666666667, 3378.7865333333334, 3378.786633333333, 3378.7870333333335, 3378.787533333333, 3378.7889666666665, 3378.789133333333, 3378.7891666666665, 3378.7894, 3378.7894333333334, 3378.7894666666666, 3378.7901666666667, 3378.7906666666668, 3378.7908666666667, 3378.7909]","[10, 16, 13, 67, 5, 85, 52, 16, 39, 233, 107, 5, 197, 174, 39, 196, 212, 60, 5, 119, 85, 50, 145, 220, 78, 196, 40, 67, 41, 0, 191, 60, 220, 85, 78, 16, 226, 5, 13, 85, 39, 118, 78, 69, 63, 67, 40, 5, 113, 60, 119, 196, 78]","[10, 16, 13, 67, 5, 85, 52, 39, 233, 107, 197, 174, 196, 212, 60, 119, 50, 145, 220, 78, 40, 41, 0, 191, 226, 118, 69, 63, 113]","[0, 5, 10, 13, 16, 39, 40, 41, 50, 52, 60, 63, 67, 69, 78, 85, 107, 113, 118, 119, 145, 174, 191, 196, 197, 212, 220, 226, 233]"
3378.8804,3378.904,3378.9324,3378.904,13.82090950012207,52.0,"[3378.8807333333334, 3378.8827, 3378.8830666666668, 3378.8831666666665, 3378.883333333333, 3378.8835, 3378.8836, 3378.8839333333335, 3378.884, 3378.8849333333333, 3378.8850666666667, 3378.8851, 3378.8851666666665, 3378.8852333333334, 3378.8859, 3378.886033333333, 3378.8864, 3378.8865666666666, 3378.887166666667, 3378.8874, 3378.8874, 3378.8876333333333, 3378.8876333333333, 3378.8884333333335, 3378.8885666666665, 3378.8885666666665, 3378.8890333333334, 3378.8891, 3378.889166666667, 3378.8896, 3378.8899, 3378.890033333333, 3378.8903, 3378.8904, 3378.8906666666667, 3378.890933333333, 3378.890966666667, 3378.891, 3378.8919, 3378.8920333333335, 3378.8923666666665, 3378.8927, 3378.8936, 3378.8938, 3378.893866666667, 3378.8943, 3378.8944666666666, 3378.8946, 3378.8951666666667, 3378.8954, 3378.895466666667, 3378.895666666667, 3378.8957333333333, 3378.8959, 3378.8959666666665, 3378.8962, 3378.8962333333334, 3378.896366666667, 3378.8966, 3378.8967333333335, 3378.8968666666665, 3378.8971666666666, 3378.8975666666665, 3378.8978, 3378.8978, 3378.897933333333, 3378.8985, 3378.8985333333335, 3378.8993, 3378.8993666666665, 3378.8995666666665, 3378.8996, 3378.899766666667, 3378.899933333333, 3378.9005666666667, 3378.9007, 3378.9007666666666, 3378.900833333333, 3378.900866666667, 3378.9009666666666, 3378.9012666666667, 3378.9013333333332, 3378.9016333333334, 3378.9019, 3378.9023, 3378.902433333333, 3378.9025333333334, 3378.9025333333334, 3378.9036333333333, 3378.9057, 3378.906933333333, 3378.907, 3378.9070666666667, 3378.9073, 3378.9074333333333, 3378.9075333333335, 3378.9078, 3378.9093, 3378.9094, 3378.9097666666667, 3378.9105666666665, 3378.9111333333335, 3378.9113333333335, 3378.9113333333335, 3378.911433333333, 3378.911666666667, 3378.9118, 3378.9138, 3378.9143, 3378.915466666667, 3378.915466666667, 3378.9155, 3378.9159666666665, 3378.9162333333334, 3378.9162666666666, 3378.9163, 3378.9173333333333, 3378.918833333333, 3378.9193, 3378.920166666667, 3378.921566666667, 3378.9216666666666, 3378.921733333333, 3378.9220333333333, 3378.922233333333, 3378.9228, 3378.9228333333335, 3378.9251, 3378.9265, 3378.9268, 3378.927166666667, 3378.9283333333333, 3378.9290333333333, 3378.9302666666667, 3378.9308666666666, 3378.9314, 3378.931633333333]","[60, 13, 85, 226, 117, 179, 7, 67, 63, 108, 102, 13, 118, 223, 60, 16, 85, 67, 56, 52, 113, 86, 118, 69, 222, 94, 5, 78, 11, 223, 38, 60, 196, 179, 41, 85, 113, 145, 16, 1, 67, 233, 98, 5, 196, 113, 39, 222, 13, 96, 179, 63, 40, 93, 86, 55, 106, 11, 145, 38, 16, 85, 0, 67, 81, 19, 94, 190, 40, 174, 188, 150, 102, 13, 232, 226, 85, 63, 11, 145, 41, 10, 0, 56, 67, 102, 38, 55, 60, 222, 85, 67, 16, 55, 3, 10, 56, 67, 60, 222, 98, 174, 85, 16, 102, 94, 136, 3, 69, 67, 233, 1, 94, 50, 16, 63, 60, 223, 118, 11, 60, 13, 85, 190, 55, 16, 3, 172, 113, 172, 85, 170, 67, 16, 153, 3, 174]","[60, 13, 85, 226, 117, 179, 7, 67, 63, 108, 102, 118, 223, 16, 56, 52, 113, 86, 69, 222, 94, 5, 78, 11, 38, 196, 41, 145, 1, 233, 98, 39, 96, 40, 93, 55, 106, 0, 81, 19, 190, 174, 188, 150, 232, 10, 3, 136, 50, 172, 170, 153]","[0, 1, 3, 5, 7, 10, 11, 13, 16, 19, 38, 39, 40, 41, 50, 52, 55, 56, 60, 63, 67, 69, 78, 81, 85, 86, 93, 94, 96, 98, 102, 106, 108, 113, 117, 118, 136, 145, 150, 153, 170, 172, 174, 179, 188, 190, 196, 222, 223, 226, 232, 233]"
3379.9152,3379.9232,3379.9368,3379.9232,4.2059712409973145,21.6,"[3379.9154, 3379.9154, 3379.915433333333, 3379.9155, 3379.9158, 3379.9166666666665, 3379.9193666666665, 3379.919766666667, 3379.9198, 3379.9208, 3379.9209666666666, 3379.9213, 3379.9213666666665, 3379.9218666666666, 3379.9221666666667, 3379.9228333333335, 3379.9236, 3379.9241333333334, 3379.9243666666666, 3379.9246333333335, 3379.9248333333335, 3379.9259, 3379.9264333333335, 3379.926966666667, 3379.927366666667, 3379.9274, 3379.9276666666665, 3379.9279333333334, 3379.9284, 3379.9285666666665, 3379.9290666666666, 3379.9297, 3379.9299333333333, 3379.9308, 3379.9308333333333, 3379.9310666666665, 3379.9313, 3379.9319, 3379.9321, 3379.9321666666665, 3379.9321666666665, 3379.9328333333333, 3379.9332666666664, 3379.9335333333333, 3379.9336333333335, 3379.934, 3379.9342333333334, 3379.9344333333333, 3379.9346333333333, 3379.9348666666665, 3379.935, 3379.9351333333334, 3379.9361, 3379.9362333333333]","[85, 16, 179, 7, 102, 174, 222, 52, 60, 63, 85, 64, 16, 67, 0, 108, 55, 0, 85, 3, 222, 151, 13, 67, 60, 64, 188, 85, 70, 102, 60, 72, 113, 67, 138, 102, 56, 117, 64, 101, 145, 85, 38, 195, 5, 196, 16, 117, 60, 13, 67, 118, 11, 106]","[85, 16, 179, 7, 102, 174, 222, 52, 60, 63, 64, 67, 0, 108, 55, 3, 151, 13, 188, 70, 72, 113, 138, 56, 117, 101, 145, 38, 195, 5, 196, 118, 11, 106]","[0, 3, 5, 7, 11, 13, 16, 38, 52, 55, 56, 60, 63, 64, 67, 70, 72, 85, 101, 102, 106, 108, 113, 117, 118, 138, 145, 151, 174, 179, 188, 195, 196, 222]"
3380.018,3380.0556,3380.0756,3380.0556,10.016789436340332,57.6,"[3380.0180333333333, 3380.0180666666665, 3380.0181666666667, 3380.0183, 3380.0183, 3380.0183666666667, 3380.0196333333333, 3380.0201333333334, 3380.0203333333334, 3380.0203333333334, 3380.0203666666666, 3380.0203666666666, 3380.0206, 3380.0208333333335, 3380.0209, 3380.021166666667, 3380.0224, 3380.0230666666666, 3380.0235666666667, 3380.0239, 3380.0239, 3380.0239666666666, 3380.0241333333333, 3380.0242333333335, 3380.0250666666666, 3380.025166666667, 3380.0253, 3380.0257333333334, 3380.0258, 3380.026, 3380.026733333333, 3380.0273666666667, 3380.027666666667, 3380.0295666666666, 3380.0299666666665, 3380.030566666667, 3380.0307666666668, 3380.0314, 3380.0321, 3380.0322666666666, 3380.0326666666665, 3380.0327333333335, 3380.0329, 3380.0336333333335, 3380.0336333333335, 3380.033733333333, 3380.0338333333334, 3380.0338666666667, 3380.034, 3380.0343666666668, 3380.0345666666667, 3380.0346, 3380.035066666667, 3380.0352666666668, 3380.036, 3380.036, 3380.036, 3380.0361333333335, 3380.0362, 3380.0367, 3380.036866666667, 3380.036866666667, 3380.0372333333335, 3380.0374666666667, 3380.0379333333335, 3380.038233333333, 3380.0385333333334, 3380.039533333333, 3380.0410666666667, 3380.041366666667, 3380.0417666666667, 3380.0424, 3380.0424333333335, 3380.0425333333333, 3380.0429, 3380.044033333333, 3380.0455, 3380.0465, 3380.047, 3380.0473666666667, 3380.047866666667, 3380.0481, 3380.0486666666666, 3380.0488666666665, 3380.0500666666667, 3380.0502333333334, 3380.0507333333335, 3380.0516666666667, 3380.0517333333332, 3380.0518, 3380.0522, 3380.052366666667, 3380.0525666666667, 3380.0532333333335, 3380.053733333333, 3380.053766666667, 3380.053966666667, 3380.0540666666666, 3380.0543333333335, 3380.0544, 3380.054633333333, 3380.054666666667, 3380.0554666666667, 3380.0559333333335, 3380.057566666667, 3380.0584, 3380.059566666667, 3380.0596, 3380.0597666666667, 3380.0604333333335, 3380.0605, 3380.060933333333, 3380.0612333333333, 3380.061366666667, 3380.0615666666667, 3380.0616333333332, 3380.0624666666668, 3380.0625666666665, 3380.062733333333, 3380.0630666666666, 3380.063166666667, 3380.0632666666666, 3380.0635666666667, 3380.0639, 3380.0642333333335, 3380.0646, 3380.0649333333336, 3380.066533333333, 3380.0670333333333, 3380.0671666666667, 3380.067233333333, 3380.0673333333334, 3380.0676, 3380.0682, 3380.0684333333334, 3380.0687, 3380.0693, 3380.0694, 3380.0741]","[179, 7, 37, 85, 174, 60, 63, 194, 189, 79, 94, 106, 67, 16, 38, 85, 113, 60, 67, 3, 64, 222, 85, 52, 63, 54, 16, 92, 5, 101, 67, 60, 179, 85, 67, 1, 119, 10, 43, 179, 85, 114, 60, 222, 233, 67, 70, 81, 151, 196, 132, 96, 138, 113, 67, 16, 92, 56, 85, 60, 94, 81, 212, 11, 3, 3, 222, 196, 60, 13, 101, 40, 5, 85, 174, 3, 55, 67, 13, 85, 60, 5, 16, 172, 85, 67, 94, 151, 39, 60, 119, 16, 0, 196, 196, 11, 226, 145, 98, 63, 60, 85, 170, 67, 174, 60, 16, 85, 40, 1, 13, 67, 196, 40, 145, 50, 60, 233, 144, 71, 108, 85, 119, 67, 78, 118, 69, 43, 60, 5, 107, 16, 145, 39, 67, 56, 60, 63, 5]","[179, 7, 37, 85, 174, 60, 63, 194, 189, 79, 94, 106, 67, 16, 38, 113, 3, 64, 222, 52, 54, 92, 5, 101, 1, 119, 10, 43, 114, 233, 70, 81, 151, 196, 132, 96, 138, 56, 212, 11, 13, 40, 55, 172, 39, 0, 226, 145, 98, 170, 50, 144, 71, 108, 78, 118, 69, 107]","[0, 1, 3, 5, 7, 10, 11, 13, 16, 37, 38, 39, 40, 43, 50, 52, 54, 55, 56, 60, 63, 64, 67, 69, 70, 71, 78, 79, 81, 85, 92, 94, 96, 98, 101, 106, 107, 108, 113, 114, 118, 119, 132, 138, 144, 145, 151, 170, 172, 174, 179, 189, 194, 196, 212, 222, 226, 233]"
3381.7648,3381.784,3381.8216,3381.784,7.579644203186035,56.8,"[3381.7660333333333, 3381.7665333333334, 3381.7665666666667, 3381.766866666667, 3381.767533333333, 3381.767566666667, 3381.7677, 3381.7678333333333, 3381.7680666666665, 3381.7681, 3381.768866666667, 3381.769366666667, 3381.7698, 3381.7698333333333, 3381.7712333333334, 3381.7714666666666, 3381.7715, 3381.7717333333335, 3381.772266666667, 3381.7723333333333, 3381.7725, 3381.772933333333, 3381.772966666667, 3381.7733, 3381.7734, 3381.7736666666665, 3381.7742333333335, 3381.7745666666665, 3381.7747, 3381.7753333333335, 3381.7753333333335, 3381.776733333333, 3381.7768666666666, 3381.7775333333334, 3381.7775666666666, 3381.777866666667, 3381.7780333333335, 3381.7781666666665, 3381.7786666666666, 3381.7790333333332, 3381.7791, 3381.7793666666666, 3381.7795666666666, 3381.7795666666666, 3381.780366666667, 3381.7811333333334, 3381.781233333333, 3381.7816, 3381.782833333333, 3381.7831, 3381.7834, 3381.7835666666665, 3381.7843333333335, 3381.7847333333334, 3381.785766666667, 3381.7865333333334, 3381.7873, 3381.7876666666666, 3381.7878, 3381.789533333333, 3381.7899333333335, 3381.7901, 3381.790266666667, 3381.7907, 3381.790933333333, 3381.791, 3381.791366666667, 3381.7914, 3381.7914333333333, 3381.7915, 3381.7923333333333, 3381.7931, 3381.7931, 3381.793133333333, 3381.7936666666665, 3381.7944666666667, 3381.7946, 3381.7946, 3381.7952666666665, 3381.7956, 3381.7959666666666, 3381.7973, 3381.7976, 3381.798133333333, 3381.7982666666667, 3381.7984666666666, 3381.7985, 3381.7994, 3381.7996, 3381.799666666667, 3381.8017333333332, 3381.802833333333, 3381.8038666666666, 3381.8040333333333, 3381.8041333333335, 3381.8044333333332, 3381.804666666667, 3381.8068, 3381.8087, 3381.8089666666665, 3381.8098333333332, 3381.8104, 3381.8105, 3381.8106, 3381.8126666666667, 3381.8135333333335, 3381.8140333333336, 3381.814066666667, 3381.814066666667, 3381.8144, 3381.8145, 3381.8146, 3381.8148, 3381.8148666666666, 3381.8149, 3381.8152333333333, 3381.815433333333, 3381.816, 3381.8162, 3381.818566666667, 3381.818566666667, 3381.8189, 3381.819233333333, 3381.819466666667, 3381.8204333333333, 3381.8204333333333]","[13, 196, 50, 60, 16, 81, 191, 85, 67, 119, 94, 101, 191, 60, 69, 3, 67, 64, 64, 106, 179, 85, 67, 60, 153, 13, 233, 117, 236, 174, 108, 60, 85, 173, 191, 106, 11, 109, 16, 81, 227, 60, 85, 67, 5, 94, 196, 150, 153, 101, 5, 77, 67, 91, 85, 11, 60, 94, 179, 190, 16, 110, 60, 85, 69, 67, 13, 196, 66, 55, 190, 16, 60, 136, 0, 11, 150, 101, 85, 67, 132, 60, 174, 204, 94, 85, 101, 190, 174, 167, 67, 188, 10, 138, 16, 107, 11, 188, 85, 196, 222, 188, 16, 69, 212, 3, 93, 119, 188, 153, 85, 188, 101, 3, 235, 16, 60, 63, 13, 85, 162, 67, 13, 16, 72, 37]","[13, 196, 50, 60, 16, 81, 191, 85, 67, 119, 94, 101, 69, 3, 64, 106, 179, 153, 233, 117, 236, 174, 108, 173, 11, 109, 227, 5, 150, 77, 91, 190, 110, 66, 55, 136, 0, 132, 204, 167, 188, 10, 138, 107, 222, 212, 93, 235, 63, 162, 72, 37]","[0, 3, 5, 10, 11, 13, 16, 37, 50, 55, 60, 63, 64, 66, 67, 69, 72, 77, 81, 85, 91, 93, 94, 101, 106, 107, 108, 109, 110, 117, 119, 132, 136, 138, 150, 153, 162, 167, 173, 174, 179, 188, 190, 191, 196, 204, 212, 222, 227, 233, 235, 236]"
3383.8416,3383.848,3383.862,3383.848,4.095376491546631,20.4,"[3383.8418666666666, 3383.8420666666666, 3383.8429666666666, 3383.843066666667, 3383.8431, 3383.8431666666665, 3383.8432333333335, 3383.8439, 3383.843966666667, 3383.844, 3383.8441, 3383.8441333333335, 3383.8444666666664, 3383.8454, 3383.8461333333335, 3383.8462666666665, 3383.8463, 3383.8464, 3383.846433333333, 3383.8467666666666, 3383.8467666666666, 3383.8469, 3383.8474333333334, 3383.8474666666666, 3383.8476333333333, 3383.8479333333335, 3383.8479333333335, 3383.8482, 3383.8483, 3383.8483, 3383.8484333333336, 3383.848466666667, 3383.8488666666667, 3383.849, 3383.8493, 3383.849366666667, 3383.8494, 3383.8495666666668, 3383.8502, 3383.8504, 3383.8510333333334, 3383.8513666666668, 3383.8516, 3383.8516666666665, 3383.851833333333, 3383.8519, 3383.8521333333333, 3383.8522, 3383.8523, 3383.8525, 3383.8526666666667, 3383.852733333333, 3383.8529, 3383.8541333333333, 3383.8541333333333, 3383.8541333333333, 3383.855, 3383.8550666666665, 3383.8551666666667, 3383.855233333333, 3383.8553333333334, 3383.8553666666667, 3383.8561666666665, 3383.856366666667, 3383.8566, 3383.8566333333333, 3383.8566666666666, 3383.8568666666665, 3383.8569, 3383.857266666667, 3383.8574, 3383.8577333333333, 3383.8579666666665, 3383.8586666666665, 3383.8589, 3383.8600333333334, 3383.8607, 3383.8609666666666, 3383.8609666666666, 3383.8611, 3383.8615666666665, 3383.8619]","[67, 201, 85, 81, 236, 179, 7, 69, 64, 16, 1, 102, 60, 10, 85, 67, 222, 13, 102, 108, 63, 172, 38, 55, 11, 16, 196, 96, 94, 69, 179, 7, 80, 188, 67, 102, 43, 85, 113, 11, 86, 81, 39, 117, 85, 119, 222, 188, 16, 13, 179, 233, 37, 67, 64, 108, 13, 11, 1, 5, 195, 13, 60, 41, 85, 39, 106, 11, 3, 41, 67, 13, 102, 168, 188, 16, 67, 85, 94, 0, 63, 60]","[67, 201, 85, 81, 236, 179, 7, 69, 64, 16, 1, 102, 60, 10, 222, 13, 108, 63, 172, 38, 55, 11, 196, 96, 94, 80, 188, 43, 113, 86, 39, 117, 119, 233, 37, 5, 195, 41, 106, 3, 168, 0]","[0, 1, 3, 5, 7, 10, 11, 13, 16, 37, 38, 39, 41, 43, 55, 60, 63, 64, 67, 69, 80, 81, 85, 86, 94, 96, 102, 106, 108, 113, 117, 119, 168, 172, 179, 188, 195, 196, 201, 222, 233, 236]"
3385.2812,3385.3108,3385.3168,3385.3108,3.8616230487823486,35.6,"[3385.2814333333336, 3385.2818333333335, 3385.2819666666664, 3385.2819666666664, 3385.2824, 3385.2824, 3385.2824, 3385.2828, 3385.2833666666666, 3385.2834666666668, 3385.283733333333, 3385.283933333333, 3385.2844666666665, 3385.2847666666667, 3385.2856333333334, 3385.2865333333334, 3385.2866, 3385.2871666666665, 3385.2875, 3385.2876333333334, 3385.2876666666666, 3385.2878, 3385.2879, 3385.2881666666667, 3385.2884, 3385.2885666666666, 3385.289133333333, 3385.2891666666665, 3385.2894333333334, 3385.289566666667, 3385.2899333333335, 3385.2899666666667, 3385.29, 3385.2905666666666, 3385.291, 3385.2910333333334, 3385.2911, 3385.2912, 3385.291333333333, 3385.2917, 3385.2919333333334, 3385.2923, 3385.292966666667, 3385.2930333333334, 3385.2932, 3385.2932666666666, 3385.2933333333335, 3385.293633333333, 3385.293633333333, 3385.2936666666665, 3385.293866666667, 3385.294, 3385.2944666666667, 3385.294733333333, 3385.294966666667, 3385.2951, 3385.295166666667, 3385.2961666666665, 3385.2970666666665, 3385.2973333333334, 3385.2975666666666, 3385.2977333333333, 3385.2979, 3385.2979666666665, 3385.2982333333334, 3385.298333333333, 3385.2984333333334, 3385.2988666666665, 3385.2989333333335, 3385.299433333333, 3385.2995666666666, 3385.299666666667, 3385.2997333333333, 3385.2999333333332, 3385.2999666666665, 3385.301266666667, 3385.3015333333333, 3385.3015333333333, 3385.3018333333334, 3385.3018666666667, 3385.3029333333334, 3385.3032, 3385.3033666666665, 3385.3037, 3385.304, 3385.3041333333335, 3385.304166666667, 3385.3046, 3385.3047, 3385.3056, 3385.3059333333335, 3385.3068, 3385.3069333333333, 3385.3071666666665, 3385.3072333333334, 3385.3073, 3385.308233333333, 3385.308466666667, 3385.3090666666667, 3385.3101333333334, 3385.311166666667, 3385.3113, 3385.311366666667, 3385.3118666666664, 3385.3119333333334, 3385.312066666667, 3385.3125, 3385.3150333333333, 3385.3151]","[93, 40, 222, 99, 101, 81, 113, 85, 102, 60, 64, 67, 16, 119, 108, 101, 85, 0, 101, 40, 67, 60, 37, 55, 5, 188, 108, 85, 152, 69, 154, 16, 55, 132, 60, 101, 67, 227, 11, 224, 119, 233, 41, 101, 5, 81, 85, 67, 222, 40, 16, 196, 60, 13, 1, 63, 188, 5, 60, 185, 108, 226, 81, 67, 101, 85, 16, 101, 55, 216, 67, 233, 19, 85, 145, 93, 60, 10, 162, 57, 16, 226, 38, 13, 11, 196, 3, 11, 226, 215, 67, 40, 93, 60, 226, 85, 101, 16, 67, 80, 138, 63, 94, 60, 107, 41, 11, 86, 193]","[93, 40, 222, 99, 101, 81, 113, 85, 102, 60, 64, 67, 16, 119, 108, 0, 37, 55, 5, 188, 152, 69, 154, 132, 227, 11, 224, 233, 41, 196, 13, 1, 63, 185, 226, 216, 19, 145, 10, 162, 57, 38, 3, 215, 80, 138, 94, 107, 86, 193]","[0, 1, 3, 5, 10, 11, 13, 16, 19, 37, 38, 40, 41, 55, 57, 60, 63, 64, 67, 69, 80, 81, 85, 86, 93, 94, 99, 101, 102, 107, 108, 113, 119, 132, 138, 145, 152, 154, 162, 185, 188, 193, 196, 215, 216, 222, 224, 226, 227, 233]"
3385.6796,3385.688,3385.714,3385.688,6.62704610824585,34.4,"[3385.679866666667, 3385.679866666667, 3385.6799333333333, 3385.6810666666665, 3385.6813, 3385.6817666666666, 3385.6821, 3385.6821666666665, 3385.6821666666665, 3385.6822666666667, 3385.6823, 3385.6824666666666, 3385.6831333333334, 3385.6831333333334, 3385.6834, 3385.6838666666667, 3385.6839666666665, 3385.6840666666667, 3385.684366666667, 3385.6851666666666, 3385.6853333333333, 3385.6856666666667, 3385.6865333333335, 3385.6867666666667, 3385.6872, 3385.6872333333336, 3385.6875333333332, 3385.6876, 3385.6878666666667, 3385.6878666666667, 3385.6880333333334, 3385.6880333333334, 3385.6888, 3385.6891333333333, 3385.6893666666665, 3385.6895666666665, 3385.6897, 3385.6899333333336, 3385.6903333333335, 3385.6904, 3385.6904, 3385.6907333333334, 3385.6907666666666, 3385.6908, 3385.6914666666667, 3385.691533333333, 3385.691566666667, 3385.6920666666665, 3385.692233333333, 3385.6929666666665, 3385.6930666666667, 3385.693366666667, 3385.6935, 3385.6936, 3385.6943666666666, 3385.695366666667, 3385.6955, 3385.696066666667, 3385.6972, 3385.698066666667, 3385.698066666667, 3385.6981333333333, 3385.6983, 3385.698733333333, 3385.6990666666666, 3385.6994, 3385.6994666666665, 3385.6996, 3385.7008333333333, 3385.7015, 3385.7030666666665, 3385.7031, 3385.7036333333335, 3385.7038666666667, 3385.7042333333334, 3385.7044, 3385.7048666666665, 3385.7049333333334, 3385.7066, 3385.7068, 3385.7077, 3385.707733333333, 3385.7080333333333, 3385.708633333333, 3385.7090333333335, 3385.709066666667, 3385.7093333333332, 3385.7094666666667, 3385.7099333333335, 3385.7103, 3385.710666666667, 3385.7107333333333, 3385.7118333333333, 3385.7128666666667, 3385.713133333333]","[107, 81, 191, 63, 13, 54, 100, 67, 60, 145, 14, 3, 13, 123, 197, 196, 57, 145, 56, 67, 13, 85, 236, 145, 236, 119, 190, 197, 85, 13, 67, 16, 197, 80, 3, 233, 150, 16, 56, 100, 196, 179, 63, 106, 5, 216, 188, 13, 11, 60, 93, 236, 67, 118, 85, 5, 236, 108, 67, 236, 16, 228, 69, 60, 63, 119, 236, 54, 11, 106, 191, 224, 85, 67, 0, 60, 16, 166, 167, 67, 41, 3, 3, 166, 216, 14, 64, 11, 57, 60, 85, 173, 3, 173, 236]","[107, 81, 191, 63, 13, 54, 100, 67, 60, 145, 14, 3, 123, 197, 196, 57, 56, 85, 236, 119, 190, 16, 80, 233, 150, 179, 106, 5, 216, 188, 11, 93, 118, 108, 228, 69, 224, 0, 166, 167, 41, 64, 173]","[0, 3, 5, 11, 13, 14, 16, 41, 54, 56, 57, 60, 63, 64, 67, 69, 80, 81, 85, 93, 100, 106, 107, 108, 118, 119, 123, 145, 150, 166, 167, 173, 179, 188, 190, 191, 196, 197, 216, 224, 228, 233, 236]"
3385.8948,3385.9464,3385.9584,3385.9464,6.099724292755127,63.6,"[3385.8948333333333, 3385.8954, 3385.8955333333333, 3385.896166666667, 3385.8962333333334, 3385.897233333333, 3385.8985666666667, 3385.899766666667, 3385.8999, 3385.900666666667, 3385.9014, 3385.9033, 3385.9034666666666, 3385.9043333333334, 3385.9044, 3385.905566666667, 3385.9057333333335, 3385.9057333333335, 3385.9060666666664, 3385.9067, 3385.908, 3385.908033333333, 3385.9086666666667, 3385.9086666666667, 3385.9106, 3385.912, 3385.913466666667, 3385.9142666666667, 3385.9148333333333, 3385.9148666666665, 3385.916133333333, 3385.917066666667, 3385.9173666666666, 3385.9176333333335, 3385.9182, 3385.9184333333333, 3385.9189666666666, 3385.9191666666666, 3385.9197, 3385.919933333333, 3385.9201, 3385.920166666667, 3385.9205, 3385.9205666666667, 3385.9217, 3385.921766666667, 3385.9221666666667, 3385.9223, 3385.9225666666666, 3385.9229333333333, 3385.9236, 3385.923766666667, 3385.9239666666667, 3385.924033333333, 3385.9240666666665, 3385.9249, 3385.9250666666667, 3385.925133333333, 3385.925166666667, 3385.925166666667, 3385.925166666667, 3385.9255333333335, 3385.9286666666667, 3385.9290666666666, 3385.9292333333333, 3385.9295, 3385.930733333333, 3385.9308666666666, 3385.9315, 3385.9324666666666, 3385.9328666666665, 3385.9329666666667, 3385.9331, 3385.9332666666664, 3385.9335666666666, 3385.9347333333335, 3385.9353333333333, 3385.9381333333336, 3385.9382333333333, 3385.9383, 3385.9385, 3385.9389333333334, 3385.9390333333336, 3385.939066666667, 3385.9394, 3385.9394, 3385.9396333333334, 3385.9396666666667, 3385.9396666666667, 3385.9398666666666, 3385.940633333333, 3385.9412666666667, 3385.941766666667, 3385.9432, 3385.9446, 3385.9446333333335, 3385.944933333333, 3385.9457, 3385.9461333333334, 3385.9474, 3385.9475333333335, 3385.9481, 3385.9483666666665, 3385.9483666666665, 3385.949633333333, 3385.9515666666666, 3385.951666666667, 3385.952566666667, 3385.9530666666665, 3385.9535, 3385.9538, 3385.9539, 3385.954133333333, 3385.9542333333334, 3385.9547333333335, 3385.9551666666666, 3385.9554333333335, 3385.9563, 3385.9563, 3385.9564666666665]","[40, 39, 216, 13, 85, 5, 16, 85, 60, 39, 190, 196, 216, 190, 16, 40, 92, 60, 179, 67, 69, 118, 94, 13, 67, 196, 190, 179, 5, 39, 39, 85, 10, 119, 39, 174, 16, 67, 179, 140, 60, 40, 94, 150, 233, 85, 67, 174, 227, 16, 63, 70, 179, 188, 81, 190, 118, 11, 55, 7, 233, 60, 11, 60, 94, 39, 236, 39, 11, 119, 16, 85, 0, 108, 67, 60, 190, 118, 14, 94, 85, 67, 11, 216, 55, 19, 5, 63, 13, 190, 38, 16, 60, 118, 85, 99, 216, 66, 100, 63, 67, 96, 85, 60, 99, 197, 16, 0, 101, 196, 85, 39, 196, 190, 67, 220, 1, 113, 60, 11]","[40, 39, 216, 13, 85, 5, 16, 60, 190, 196, 92, 179, 67, 69, 118, 94, 10, 119, 174, 140, 150, 233, 227, 63, 70, 188, 81, 11, 55, 7, 236, 0, 108, 14, 19, 38, 99, 66, 100, 96, 197, 101, 220, 1, 113]","[0, 1, 5, 7, 10, 11, 13, 14, 16, 19, 38, 39, 40, 55, 60, 63, 66, 67, 69, 70, 81, 85, 92, 94, 96, 99, 100, 101, 108, 113, 118, 119, 140, 150, 174, 179, 188, 190, 196, 197, 216, 220, 227, 233, 236]"
3387.0636,3387.0788,3387.0864,3387.0788,3.585644245147705,22.8,"[3387.0652333333333, 3387.0652666666665, 3387.0657333333334, 3387.0666666666666, 3387.0669333333335, 3387.0671666666667, 3387.0678, 3387.0698, 3387.0716333333335, 3387.0718, 3387.072133333333, 3387.0722666666666, 3387.073033333333, 3387.073966666667, 3387.0743666666667, 3387.0749666666666, 3387.075566666667, 3387.075966666667, 3387.0763333333334, 3387.0765333333334, 3387.0798, 3387.08, 3387.0801333333334, 3387.080266666667, 3387.0806333333335, 3387.0810333333334, 3387.0812666666666, 3387.0813, 3387.0814, 3387.081833333333, 3387.0819333333334, 3387.082266666667, 3387.0824333333335, 3387.0825333333332, 3387.0830333333333, 3387.0836, 3387.083633333333, 3387.0839, 3387.0844333333334, 3387.0855]","[191, 98, 223, 60, 40, 67, 216, 85, 152, 60, 16, 67, 174, 132, 13, 67, 191, 63, 85, 93, 113, 153, 167, 110, 69, 60, 3, 195, 107, 41, 67, 101, 196, 110, 85, 117, 191, 151, 152, 16]","[191, 98, 223, 60, 40, 67, 216, 85, 152, 16, 174, 132, 13, 63, 93, 113, 153, 167, 110, 69, 3, 195, 107, 41, 101, 196, 117, 151]","[3, 13, 16, 40, 41, 60, 63, 67, 69, 85, 93, 98, 101, 107, 110, 113, 117, 132, 151, 152, 153, 167, 174, 191, 195, 196, 216, 223]"
3388.6908,3388.7036,3388.714,3388.7036,7.463413238525391,23.2,"[3388.6909333333333, 3388.6909666666666, 3388.691, 3388.6927333333333, 3388.6954666666666, 3388.696933333333, 3388.6984333333335, 3388.699, 3388.6997333333334, 3388.7002666666667, 3388.7027, 3388.7027333333335, 3388.7037, 3388.704166666667, 3388.7045333333335, 3388.7078, 3388.707966666667, 3388.7094333333334, 3388.7138]","[47, 25, 126, 94, 1, 16, 69, 67, 85, 233, 49, 127, 167, 152, 92, 233, 94, 16, 5]","[47, 25, 126, 94, 1, 16, 69, 67, 85, 233, 49, 127, 167, 152, 92, 5]","[1, 5, 16, 25, 47, 49, 67, 69, 85, 92, 94, 126, 127, 152, 167, 233]"
3391.8424,3391.8516,3391.8716,3391.8516,6.451964378356934,29.2,"[3391.8424, 3391.8429, 3391.8440666666665, 3391.8451333333333, 3391.8455, 3391.8455, 3391.8459, 3391.8459666666668, 3391.8461, 3391.8463666666667, 3391.8472666666667, 3391.8474, 3391.8474666666666, 3391.8477, 3391.8483, 3391.848466666667, 3391.849166666667, 3391.8492666666666, 3391.85, 3391.8503666666666, 3391.8505666666665, 3391.8515333333335, 3391.8522333333335, 3391.8525, 3391.852533333333, 3391.8530666666666, 3391.8532, 3391.8536, 3391.853666666667, 3391.8539, 3391.854766666667, 3391.8560333333335, 3391.856133333333, 3391.8563, 3391.8565, 3391.8570666666665, 3391.8584333333333, 3391.858566666667, 3391.8598333333334, 3391.8604333333333, 3391.860633333333, 3391.8611, 3391.8611333333333, 3391.8618666666666, 3391.8625333333334, 3391.862666666667, 3391.8627333333334, 3391.8628, 3391.863066666667, 3391.8632666666667, 3391.8635, 3391.864, 3391.864466666667, 3391.864633333333, 3391.8647666666666, 3391.8648, 3391.866, 3391.866266666667, 3391.867166666667, 3391.8672333333334, 3391.867366666667, 3391.867366666667, 3391.8675333333335, 3391.8678, 3391.8685, 3391.8686666666667, 3391.8696333333332, 3391.8698666666664, 3391.8705333333332, 3391.871]","[40, 85, 106, 173, 67, 69, 54, 16, 197, 60, 101, 85, 119, 188, 216, 57, 151, 5, 69, 191, 60, 67, 197, 92, 117, 93, 85, 138, 118, 67, 5, 93, 106, 63, 60, 5, 102, 55, 60, 191, 106, 5, 67, 101, 11, 85, 117, 41, 191, 196, 57, 16, 64, 60, 67, 11, 101, 85, 119, 191, 11, 39, 106, 106, 5, 41, 101, 13, 67, 106]","[40, 85, 106, 173, 67, 69, 54, 16, 197, 60, 101, 119, 188, 216, 57, 151, 5, 191, 92, 117, 93, 138, 118, 63, 102, 55, 11, 41, 196, 64, 39, 13]","[5, 11, 13, 16, 39, 40, 41, 54, 55, 57, 60, 63, 64, 67, 69, 85, 92, 93, 101, 102, 106, 117, 118, 119, 138, 151, 173, 188, 191, 196, 197, 216]"
3392.648,3392.6596,3392.6772,3392.6596,13.420204162597656,29.2,"[3392.6486, 3392.6486666666665, 3392.6495, 3392.6511666666665, 3392.6512666666667, 3392.6519, 3392.6523333333334, 3392.6526, 3392.6530666666667, 3392.6535, 3392.6539666666667, 3392.6546333333335, 3392.6547, 3392.6550666666667, 3392.6554333333333, 3392.6557, 3392.656266666667, 3392.656466666667, 3392.6573, 3392.658066666667, 3392.6586333333335, 3392.6587, 3392.6596, 3392.6597333333334, 3392.6597666666667, 3392.66, 3392.6610333333333, 3392.6612333333333, 3392.6614, 3392.6618, 3392.661866666667, 3392.6622333333335, 3392.662733333333, 3392.662733333333, 3392.662766666667, 3392.6628, 3392.6631, 3392.6656, 3392.6661, 3392.6665666666668, 3392.6668, 3392.6668666666665, 3392.667033333333, 3392.667066666667, 3392.6672, 3392.667266666667, 3392.6674, 3392.6676, 3392.6676333333335, 3392.6678333333334, 3392.6678666666667, 3392.6681, 3392.6685, 3392.6692, 3392.6693, 3392.6700333333333, 3392.6701, 3392.6719, 3392.6719333333335, 3392.672466666667, 3392.672633333333, 3392.6739, 3392.6748, 3392.6750333333334, 3392.6756, 3392.6766333333335]","[56, 67, 85, 197, 67, 101, 220, 102, 5, 63, 85, 16, 107, 67, 60, 41, 100, 94, 85, 67, 56, 101, 216, 226, 11, 145, 60, 3, 80, 10, 16, 85, 204, 96, 67, 150, 98, 64, 117, 38, 85, 13, 57, 60, 145, 16, 63, 1, 233, 5, 94, 220, 38, 67, 70, 16, 40, 60, 5, 195, 107, 63, 85, 119, 16, 5]","[56, 67, 85, 197, 101, 220, 102, 5, 63, 16, 107, 60, 41, 100, 94, 216, 226, 11, 145, 3, 80, 10, 204, 96, 150, 98, 64, 117, 38, 13, 57, 1, 233, 70, 40, 195, 119]","[1, 3, 5, 10, 11, 13, 16, 38, 40, 41, 56, 57, 60, 63, 64, 67, 70, 80, 85, 94, 96, 98, 100, 101, 102, 107, 117, 119, 145, 150, 195, 197, 204, 216, 220, 226, 233]"
3393.1672,3393.1788,3393.1876,3393.1788,8.856901168823242,20.4,"[3393.167266666667, 3393.1676, 3393.1676, 3393.167733333333, 3393.1679, 3393.1680666666666, 3393.1681, 3393.168133333333, 3393.168833333333, 3393.1693333333333, 3393.1695666666665, 3393.170166666667, 3393.1705666666667, 3393.1712, 3393.171566666667, 3393.171566666667, 3393.171733333333, 3393.1718666666666, 3393.1719333333335, 3393.171966666667, 3393.1720333333333, 3393.1720333333333, 3393.1721, 3393.1721666666667, 3393.1723, 3393.1725333333334, 3393.1727333333333, 3393.1728, 3393.172866666667, 3393.1730333333335, 3393.1730666666667, 3393.1732666666667, 3393.173533333333, 3393.173566666667, 3393.1737, 3393.174, 3393.1747, 3393.1748333333335, 3393.1757333333335, 3393.176, 3393.1761, 3393.1768333333334, 3393.1771, 3393.1777333333334, 3393.1778, 3393.178066666667, 3393.1783, 3393.1784666666667, 3393.1787, 3393.1793666666667, 3393.179633333333, 3393.1805, 3393.1806, 3393.1811, 3393.182, 3393.1822666666667, 3393.182333333333, 3393.1832, 3393.1835666666666, 3393.1836333333335, 3393.1837666666665, 3393.1837666666665, 3393.1838666666667, 3393.1840666666667, 3393.1844, 3393.184566666667, 3393.1846, 3393.1847, 3393.1847333333335, 3393.185033333333, 3393.1850666666664, 3393.1856333333335, 3393.1858333333334, 3393.1872, 3393.187266666667]","[188, 67, 70, 16, 11, 138, 117, 91, 223, 60, 5, 132, 1, 93, 85, 5, 108, 145, 101, 67, 16, 70, 101, 56, 64, 63, 151, 212, 56, 41, 106, 119, 10, 224, 64, 60, 85, 13, 93, 5, 67, 227, 39, 54, 179, 3, 101, 10, 118, 38, 57, 67, 85, 11, 188, 13, 162, 197, 85, 92, 222, 13, 118, 60, 101, 105, 16, 64, 100, 224, 162, 67, 117, 100, 85]","[188, 67, 70, 16, 11, 138, 117, 91, 223, 60, 5, 132, 1, 93, 85, 108, 145, 101, 56, 64, 63, 151, 212, 41, 106, 119, 10, 224, 13, 227, 39, 54, 179, 3, 118, 38, 57, 162, 197, 92, 222, 105, 100]","[1, 3, 5, 10, 11, 13, 16, 38, 39, 41, 54, 56, 57, 60, 63, 64, 67, 70, 85, 91, 92, 93, 100, 101, 105, 106, 108, 117, 118, 119, 132, 138, 145, 151, 162, 179, 188, 197, 212, 222, 223, 224, 227]"
3393.6896,3393.7076,3393.7192,3393.7076,5.136061191558838,29.6,"[3393.690866666667, 3393.6911666666665, 3393.6918333333333, 3393.692433333333, 3393.6928, 3393.6932, 3393.6940666666665, 3393.695166666667, 3393.6954666666666, 3393.6962, 3393.6963333333333, 3393.6973333333335, 3393.697866666667, 3393.6987, 3393.698733333333, 3393.701, 3393.7028, 3393.7033333333334, 3393.7055666666665, 3393.7069, 3393.707, 3393.7075666666665, 3393.708633333333, 3393.708833333333, 3393.7093666666665, 3393.7103333333334, 3393.710666666667, 3393.711, 3393.7117333333335, 3393.7138, 3393.715, 3393.715366666667, 3393.7157, 3393.7161, 3393.716733333333, 3393.7168, 3393.7168333333334, 3393.7175666666667, 3393.7177333333334]","[113, 70, 168, 67, 60, 85, 118, 188, 108, 212, 16, 81, 70, 85, 67, 67, 16, 107, 13, 60, 188, 67, 63, 16, 0, 10, 185, 170, 118, 173, 67, 85, 13, 196, 5, 174, 16, 63, 67]","[113, 70, 168, 67, 60, 85, 118, 188, 108, 212, 16, 81, 107, 13, 63, 0, 10, 185, 170, 173, 196, 5, 174]","[0, 5, 10, 13, 16, 60, 63, 67, 70, 81, 85, 107, 108, 113, 118, 168, 170, 173, 174, 185, 188, 196, 212]"
3394.3476,3394.356,3394.3804,3394.356,6.1381025314331055,32.8,"[3394.3476, 3394.3486, 3394.3488, 3394.349133333333, 3394.3494, 3394.3497666666667, 3394.3498666666665, 3394.3501666666666, 3394.350233333333, 3394.3505, 3394.3505333333333, 3394.3506666666667, 3394.3508333333334, 3394.350966666667, 3394.351, 3394.3519666666666, 3394.3522, 3394.3523666666665, 3394.352733333333, 3394.352966666667, 3394.3531, 3394.3533333333335, 3394.3533666666667, 3394.353433333333, 3394.3536, 3394.3542666666667, 3394.3544, 3394.3546666666666, 3394.354733333333, 3394.355, 3394.3551, 3394.355233333333, 3394.3552666666665, 3394.3552666666665, 3394.3554, 3394.3557666666666, 3394.3558333333335, 3394.3561, 3394.3564333333334, 3394.3568, 3394.3571333333334, 3394.357666666667, 3394.3577666666665, 3394.358166666667, 3394.358333333333, 3394.3598333333334, 3394.3598666666667, 3394.360633333333, 3394.3607333333334, 3394.3609666666666, 3394.3611666666666, 3394.3611666666666, 3394.3613333333333, 3394.3614666666667, 3394.3615, 3394.3616, 3394.3618, 3394.3618, 3394.3619, 3394.361933333333, 3394.3621333333335, 3394.3621333333335, 3394.3622, 3394.362633333333, 3394.3633, 3394.3633, 3394.3634333333334, 3394.3634666666667, 3394.363733333333, 3394.3639333333335, 3394.3645, 3394.3645333333334, 3394.3659666666667, 3394.3661666666667, 3394.3662, 3394.366433333333, 3394.3665666666666, 3394.3667666666665, 3394.3669666666665, 3394.3670666666667, 3394.367366666667, 3394.3678333333332, 3394.3679333333334, 3394.368033333333, 3394.368066666667, 3394.3683666666666, 3394.3684, 3394.3687, 3394.3688, 3394.368966666667, 3394.3692333333333, 3394.3694666666665, 3394.3696666666665, 3394.3698666666664, 3394.37, 3394.370033333333, 3394.370266666667, 3394.3706, 3394.3706666666667, 3394.3707, 3394.3708, 3394.370933333333, 3394.3710333333333, 3394.3711333333335, 3394.3713, 3394.371633333333, 3394.3717666666666, 3394.3721666666665, 3394.3722666666667, 3394.3726666666666, 3394.372733333333, 3394.3731, 3394.3731333333335, 3394.3732, 3394.3732666666665, 3394.3733333333334, 3394.373433333333, 3394.3735333333334, 3394.3746, 3394.3751666666667, 3394.3760333333335, 3394.3762, 3394.3766333333333, 3394.377, 3394.3773, 3394.3775333333333, 3394.3777666666665, 3394.3793, 3394.3795]","[5, 188, 13, 14, 179, 190, 85, 69, 41, 11, 106, 67, 152, 106, 16, 222, 198, 138, 118, 151, 150, 67, 119, 85, 70, 16, 55, 198, 153, 13, 191, 196, 63, 11, 70, 107, 60, 179, 5, 16, 38, 196, 145, 96, 222, 67, 85, 96, 198, 135, 119, 153, 191, 210, 70, 85, 16, 52, 5, 145, 60, 67, 63, 80, 233, 162, 166, 13, 153, 16, 11, 3, 13, 60, 63, 40, 106, 145, 41, 55, 237, 13, 67, 196, 85, 69, 216, 5, 55, 162, 16, 233, 85, 65, 67, 152, 92, 185, 60, 145, 64, 57, 16, 63, 11, 78, 10, 222, 102, 52, 56, 101, 3, 216, 198, 122, 216, 3, 41, 196, 69, 85, 5, 67, 237, 16, 60, 223, 140]","[5, 188, 13, 14, 179, 190, 85, 69, 41, 11, 106, 67, 152, 16, 222, 198, 138, 118, 151, 150, 119, 70, 55, 153, 191, 196, 63, 107, 60, 38, 145, 96, 135, 210, 52, 80, 233, 162, 166, 3, 40, 237, 216, 65, 92, 185, 64, 57, 78, 10, 102, 56, 101, 122, 223, 140]","[3, 5, 10, 11, 13, 14, 16, 38, 40, 41, 52, 55, 56, 57, 60, 63, 64, 65, 67, 69, 70, 78, 80, 85, 92, 96, 101, 102, 106, 107, 118, 119, 122, 135, 138, 140, 145, 150, 151, 152, 153, 162, 166, 179, 185, 188, 190, 191, 196, 198, 210, 216, 222, 223, 233, 237]"
3402.5608,3402.5952,3402.6052,3402.5952,7.066411018371582,44.4,"[3402.5612333333333, 3402.562266666667, 3402.5628, 3402.5636666666664, 3402.5637333333334, 3402.5639, 3402.564733333333, 3402.5650333333333, 3402.568133333333, 3402.568566666667, 3402.5698333333335, 3402.5702333333334, 3402.5702666666666, 3402.5704666666666, 3402.5705666666668, 3402.5706, 3402.5707666666667, 3402.5708666666665, 3402.5708666666665, 3402.571, 3402.571033333333, 3402.5712, 3402.571266666667, 3402.5715, 3402.5715333333333, 3402.5720666666666, 3402.575566666667, 3402.5758666666666, 3402.5764, 3402.5765333333334, 3402.5769, 3402.577, 3402.5771666666665, 3402.577766666667, 3402.578266666667, 3402.5790666666667, 3402.581, 3402.5810333333334, 3402.5816666666665, 3402.5817, 3402.5817666666667, 3402.5818, 3402.5819, 3402.5819333333334, 3402.5819666666666, 3402.5824333333335, 3402.582733333333, 3402.5828333333334, 3402.5830666666666, 3402.5832, 3402.5835333333334, 3402.5842333333335, 3402.584533333333, 3402.585, 3402.5870333333332, 3402.5877666666665, 3402.5885333333335, 3402.5886333333333, 3402.5888666666665, 3402.5889333333334, 3402.590366666667, 3402.5913, 3402.5914, 3402.591733333333, 3402.5925666666667, 3402.5926, 3402.5929666666666, 3402.5938, 3402.5938, 3402.5939, 3402.5939333333336, 3402.5940333333333, 3402.5947666666666, 3402.598466666667, 3402.598933333333, 3402.5996, 3402.5999666666667, 3402.6013666666668, 3402.6014333333333, 3402.6017, 3402.602066666667, 3402.6021666666666, 3402.6031333333335]","[11, 218, 122, 16, 85, 67, 60, 101, 110, 81, 85, 185, 11, 196, 16, 107, 196, 179, 10, 118, 173, 233, 67, 81, 60, 85, 64, 106, 41, 10, 11, 16, 60, 67, 179, 152, 85, 60, 69, 63, 16, 72, 235, 13, 56, 197, 1, 94, 196, 67, 113, 10, 64, 41, 101, 60, 16, 85, 179, 7, 101, 110, 67, 122, 3, 60, 63, 67, 64, 102, 16, 85, 233, 110, 41, 39, 3, 63, 16, 85, 66, 80, 60]","[11, 218, 122, 16, 85, 67, 60, 101, 110, 81, 185, 196, 107, 179, 10, 118, 173, 233, 64, 106, 41, 152, 69, 63, 72, 235, 13, 56, 197, 1, 94, 113, 7, 3, 102, 39, 66, 80]","[1, 3, 7, 10, 11, 13, 16, 39, 41, 56, 60, 63, 64, 66, 67, 69, 72, 80, 81, 85, 94, 101, 102, 106, 107, 110, 113, 118, 122, 152, 173, 179, 185, 196, 197, 218, 233, 235]"
3402.6852,3402.712,3402.7564,3402.712,4.359775066375732,71.2,"[3402.6854333333335, 3402.6855, 3402.689, 3402.689066666667, 3402.6896, 3402.6899333333336, 3402.689966666667, 3402.6911333333333, 3402.6911666666665, 3402.6914666666667, 3402.6917, 3402.6926333333336, 3402.6948, 3402.6955666666668, 3402.6959666666667, 3402.696933333333, 3402.6975333333335, 3402.6976, 3402.701666666667, 3402.7021666666665, 3402.7026666666666, 3402.7047, 3402.7049333333334, 3402.7057666666665, 3402.7062, 3402.7072333333335, 3402.7073, 3402.7083, 3402.7112333333334, 3402.711333333333, 3402.711333333333, 3402.7114333333334, 3402.7115, 3402.7118666666665, 3402.7119666666667, 3402.712266666667, 3402.7123333333334, 3402.712466666667, 3402.7127666666665, 3402.7130333333334, 3402.7164333333335, 3402.7177, 3402.717866666667, 3402.7190666666665, 3402.7201, 3402.7212, 3402.7239666666665, 3402.724833333333, 3402.7257, 3402.7258666666667, 3402.727033333333, 3402.7271, 3402.7276666666667, 3402.727933333333, 3402.7285666666667, 3402.7290666666668, 3402.7296333333334, 3402.7310666666667, 3402.7325666666666, 3402.7343, 3402.7345, 3402.7362, 3402.736733333333, 3402.7408333333333, 3402.7411, 3402.7419, 3402.742, 3402.7420333333334, 3402.742333333333, 3402.7428, 3402.7431666666666, 3402.7449333333334, 3402.7451333333333, 3402.7452333333335, 3402.7453, 3402.7458333333334, 3402.7473, 3402.7501, 3402.750233333333, 3402.750433333333, 3402.7508333333335, 3402.7530666666667, 3402.7530666666667, 3402.7535333333335, 3402.7536, 3402.7546333333335, 3402.7550666666666, 3402.7556, 3402.7556666666665, 3402.7557, 3402.7558, 3402.756066666667]","[40, 60, 222, 85, 67, 123, 19, 69, 39, 188, 16, 60, 190, 40, 85, 67, 222, 3, 1, 60, 64, 162, 119, 191, 16, 0, 218, 67, 94, 16, 101, 153, 85, 113, 222, 67, 196, 63, 145, 190, 64, 11, 67, 85, 60, 190, 63, 60, 67, 105, 16, 13, 166, 63, 85, 64, 3, 81, 67, 63, 64, 85, 60, 13, 233, 196, 67, 188, 236, 13, 1, 108, 16, 153, 174, 67, 3, 16, 85, 233, 67, 113, 40, 179, 7, 3, 85, 63, 94, 166, 81, 60]","[40, 60, 222, 85, 67, 123, 19, 69, 39, 188, 16, 190, 3, 1, 64, 162, 119, 191, 0, 218, 94, 101, 153, 113, 196, 63, 145, 11, 105, 13, 166, 81, 233, 236, 108, 174, 179, 7]","[0, 1, 3, 7, 11, 13, 16, 19, 39, 40, 60, 63, 64, 67, 69, 81, 85, 94, 101, 105, 108, 113, 119, 123, 145, 153, 162, 166, 174, 179, 188, 190, 191, 196, 218, 222, 233, 236]"
3403.6684,3403.71,3403.724,3403.71,5.660659790039063,55.6,"[3403.6691666666666, 3403.669933333333, 3403.6707, 3403.6708, 3403.6732333333334, 3403.6734, 3403.673766666667, 3403.6754333333333, 3403.6756, 3403.676066666667, 3403.676266666667, 3403.6763, 3403.6766666666667, 3403.6767333333332, 3403.6775666666667, 3403.6791333333335, 3403.6810333333333, 3403.6811, 3403.6812333333332, 3403.6820333333335, 3403.6832666666664, 3403.6839, 3403.6844333333333, 3403.6849, 3403.685033333333, 3403.6856, 3403.6863333333336, 3403.6865333333335, 3403.6866, 3403.6869, 3403.6878, 3403.687933333333, 3403.6881333333336, 3403.6887, 3403.6887333333334, 3403.688866666667, 3403.6889, 3403.6891666666666, 3403.6891666666666, 3403.6895666666665, 3403.6896, 3403.690666666667, 3403.6907666666666, 3403.6916333333334, 3403.692233333333, 3403.6926, 3403.6929, 3403.693, 3403.693, 3403.6931, 3403.6941, 3403.694233333333, 3403.6943666666666, 3403.6951, 3403.6956666666665, 3403.6961666666666, 3403.6966, 3403.6966, 3403.6968666666667, 3403.6973666666668, 3403.6984, 3403.700333333333, 3403.700566666667, 3403.7009333333335, 3403.7010666666665, 3403.7012666666665, 3403.7023, 3403.7026, 3403.7027333333335, 3403.7031, 3403.703233333333, 3403.7033, 3403.7035, 3403.7039666666665, 3403.7046666666665, 3403.7046666666665, 3403.705033333333, 3403.7069, 3403.7071333333333, 3403.7073333333333, 3403.7074666666667, 3403.709066666667, 3403.7099333333335, 3403.71, 3403.7103, 3403.7105, 3403.710633333333, 3403.7110666666667, 3403.7112, 3403.7114333333334, 3403.711533333333, 3403.7135333333335, 3403.7138666666665, 3403.715833333333, 3403.7158666666664, 3403.716033333333, 3403.7161333333333, 3403.7163, 3403.7167, 3403.7167666666664, 3403.716933333333, 3403.716966666667, 3403.7173666666667, 3403.7178, 3403.7185, 3403.7209, 3403.7216, 3403.7223, 3403.723266666667, 3403.7233666666666, 3403.7238666666667]","[5, 60, 85, 67, 138, 195, 16, 188, 191, 5, 39, 85, 110, 67, 117, 94, 195, 60, 196, 196, 85, 16, 55, 11, 224, 69, 166, 94, 60, 67, 108, 195, 110, 119, 16, 174, 13, 85, 80, 63, 106, 72, 67, 40, 110, 106, 13, 85, 65, 69, 94, 60, 57, 72, 113, 191, 67, 16, 101, 85, 13, 152, 102, 110, 60, 188, 106, 57, 191, 162, 40, 69, 85, 174, 16, 13, 67, 80, 60, 85, 55, 99, 67, 85, 188, 5, 195, 63, 16, 56, 117, 85, 81, 102, 212, 13, 16, 63, 11, 67, 188, 57, 220, 166, 85, 106, 101, 220, 40, 16, 60]","[5, 60, 85, 67, 138, 195, 16, 188, 191, 39, 110, 117, 94, 196, 55, 11, 224, 69, 166, 108, 119, 174, 13, 80, 63, 106, 72, 40, 65, 57, 113, 101, 152, 102, 162, 99, 56, 81, 212, 220]","[5, 11, 13, 16, 39, 40, 55, 56, 57, 60, 63, 65, 67, 69, 72, 80, 81, 85, 94, 99, 101, 102, 106, 108, 110, 113, 117, 119, 138, 152, 162, 166, 174, 188, 191, 195, 196, 212, 220, 224]"
3405.7468,3405.7536,3405.7796,3405.7536,4.307253360748291,32.8,"[3405.7471666666665, 3405.7472, 3405.7474666666667, 3405.747766666667, 3405.7478, 3405.7483333333334, 3405.7491, 3405.7491, 3405.7491, 3405.7491333333332, 3405.7493, 3405.7493, 3405.7498333333333, 3405.7499, 3405.75, 3405.7501, 3405.7503333333334, 3405.7505, 3405.7505666666666, 3405.7506, 3405.7506, 3405.7509333333333, 3405.7509666666665, 3405.7509666666665, 3405.7509666666665, 3405.751366666667, 3405.7518666666665, 3405.7520666666665, 3405.7523666666666, 3405.7524333333336, 3405.752466666667, 3405.752933333333, 3405.753133333333, 3405.7535, 3405.7537, 3405.7541333333334, 3405.7542333333336, 3405.7542333333336, 3405.7546, 3405.7547, 3405.7547, 3405.755166666667, 3405.7552333333333, 3405.7553666666668, 3405.7557333333334, 3405.7557333333334, 3405.7558, 3405.7559333333334, 3405.7559666666666, 3405.7562333333335, 3405.7562666666668, 3405.7563666666665, 3405.7564666666667, 3405.7570666666666, 3405.757433333333, 3405.7575666666667, 3405.7577, 3405.7580333333335, 3405.7583, 3405.758533333333, 3405.7587, 3405.758733333333, 3405.7588, 3405.7589, 3405.7591666666667, 3405.7591666666667, 3405.759466666667, 3405.7595666666666, 3405.760133333333, 3405.7602666666667, 3405.7610666666665, 3405.7612, 3405.7612, 3405.761433333333, 3405.761433333333, 3405.7615, 3405.7615666666666, 3405.7617333333333, 3405.7617333333333, 3405.7617666666665, 3405.7617666666665, 3405.7622333333334, 3405.7629, 3405.7631666666666, 3405.763466666667, 3405.7637666666665, 3405.7638, 3405.7638666666667, 3405.763933333333, 3405.7640333333334, 3405.7642666666666, 3405.7643333333335, 3405.7644333333333, 3405.7647666666667, 3405.765266666667, 3405.7654666666667, 3405.765533333333, 3405.7655666666665, 3405.765733333333, 3405.765766666667, 3405.7658333333334, 3405.765933333333, 3405.765933333333, 3405.765966666667, 3405.767566666667, 3405.7676666666666, 3405.767733333333, 3405.767766666667, 3405.7682, 3405.7685, 3405.7696333333333, 3405.7697, 3405.7698, 3405.7698333333333, 3405.7703333333334, 3405.770666666667, 3405.7707666666665, 3405.7708, 3405.7709666666665, 3405.771166666667, 3405.7722, 3405.7727333333332, 3405.7728, 3405.772933333333, 3405.773166666667, 3405.7733, 3405.7735333333335, 3405.7736, 3405.7737, 3405.7739333333334, 3405.774, 3405.7746666666667, 3405.7763, 3405.7763333333332, 3405.7765666666664, 3405.7766, 3405.776766666667, 3405.777, 3405.7777333333333, 3405.7782666666667, 3405.7795666666666]","[233, 52, 162, 100, 10, 67, 85, 119, 52, 188, 14, 222, 5, 150, 39, 13, 39, 196, 41, 55, 5, 145, 63, 60, 11, 196, 64, 13, 67, 85, 117, 81, 13, 107, 69, 5, 85, 96, 67, 16, 13, 151, 19, 13, 14, 222, 55, 93, 105, 107, 39, 5, 38, 70, 174, 132, 236, 85, 5, 67, 10, 226, 107, 5, 237, 64, 66, 16, 57, 11, 63, 196, 16, 85, 81, 233, 64, 236, 102, 67, 107, 216, 132, 14, 70, 11, 100, 13, 106, 188, 11, 57, 119, 10, 16, 60, 63, 196, 107, 196, 195, 236, 222, 13, 67, 85, 81, 70, 236, 113, 16, 85, 67, 117, 117, 60, 132, 98, 237, 119, 174, 57, 102, 13, 10, 179, 3, 107, 145, 40, 5, 13, 60, 69, 70, 37, 113, 16, 85, 67, 63]","[233, 52, 162, 100, 10, 67, 85, 119, 188, 14, 222, 5, 150, 39, 13, 196, 41, 55, 145, 63, 60, 11, 64, 117, 81, 107, 69, 96, 16, 151, 19, 93, 105, 38, 70, 174, 132, 236, 226, 237, 66, 57, 102, 216, 106, 195, 113, 98, 179, 3, 40, 37]","[3, 5, 10, 11, 13, 14, 16, 19, 37, 38, 39, 40, 41, 52, 55, 57, 60, 63, 64, 66, 67, 69, 70, 81, 85, 93, 96, 98, 100, 102, 105, 106, 107, 113, 117, 119, 132, 145, 150, 151, 162, 174, 179, 188, 195, 196, 216, 222, 226, 233, 236, 237]"
3406.028,3406.0452,3406.0524,3406.0452,5.072472095489502,24.4,"[3406.0281, 3406.0281333333332, 3406.0287333333335, 3406.0288333333333, 3406.0293666666666, 3406.0295666666666, 3406.0298, 3406.0304, 3406.0304333333333, 3406.0305, 3406.0316, 3406.0317, 3406.0319666666664, 3406.0320333333334, 3406.0332333333336, 3406.0334333333335, 3406.0335666666665, 3406.0339, 3406.0341, 3406.0342666666666, 3406.0344333333333, 3406.0347, 3406.034866666667, 3406.0356, 3406.0362, 3406.0363666666667, 3406.0367666666666, 3406.0368, 3406.036866666667, 3406.0380666666665, 3406.0381, 3406.0381333333335, 3406.0382, 3406.0389333333333, 3406.0390333333335, 3406.0393, 3406.039333333333, 3406.039566666667, 3406.0396333333333, 3406.0397666666668, 3406.0401, 3406.0402, 3406.0405, 3406.0405333333333, 3406.0411, 3406.0415, 3406.0418666666665, 3406.042, 3406.042, 3406.042033333333, 3406.042066666667, 3406.0424, 3406.0424666666668, 3406.0426666666667, 3406.0430333333334, 3406.0430666666666, 3406.0433666666668, 3406.044066666667, 3406.0442, 3406.0448333333334, 3406.0450333333333, 3406.045666666667, 3406.0457333333334, 3406.046, 3406.046, 3406.0462666666667, 3406.0472666666665, 3406.0473, 3406.0473333333334, 3406.0475, 3406.0480666666667, 3406.048133333333, 3406.0487333333335, 3406.0488333333333, 3406.049, 3406.0493666666666, 3406.0493666666666, 3406.0493666666666, 3406.0498, 3406.0498333333335, 3406.0508, 3406.0511333333334, 3406.0518, 3406.051933333333]","[11, 113, 85, 60, 39, 179, 80, 200, 236, 101, 85, 94, 70, 67, 39, 60, 39, 63, 107, 189, 118, 13, 119, 60, 132, 101, 85, 190, 67, 16, 5, 40, 216, 85, 63, 150, 236, 106, 10, 118, 37, 174, 67, 16, 93, 85, 93, 39, 94, 117, 60, 122, 96, 220, 11, 190, 14, 38, 11, 216, 85, 145, 107, 67, 188, 39, 94, 11, 63, 60, 37, 113, 106, 179, 16, 0, 236, 11, 190, 117, 5, 85, 67, 196]","[11, 113, 85, 60, 39, 179, 80, 200, 236, 101, 94, 70, 67, 63, 107, 189, 118, 13, 119, 132, 190, 16, 5, 40, 216, 150, 106, 10, 37, 174, 93, 117, 122, 96, 220, 14, 38, 145, 188, 0, 196]","[0, 5, 10, 11, 13, 14, 16, 37, 38, 39, 40, 60, 63, 67, 70, 80, 85, 93, 94, 96, 101, 106, 107, 113, 117, 118, 119, 122, 132, 145, 150, 174, 179, 188, 189, 190, 196, 200, 216, 220, 236]"
3406.6404,3406.6428,3406.6636,3406.6428,2.4296209812164307,23.2,"[3406.6414, 3406.6419, 3406.6423666666665, 3406.6442333333334, 3406.6448666666665, 3406.6455333333333, 3406.6462333333334, 3406.646333333333, 3406.6469666666667, 3406.647066666667, 3406.6483, 3406.6487, 3406.6491333333333, 3406.6493666666665, 3406.649766666667, 3406.6502666666665, 3406.650633333333, 3406.6507, 3406.6507333333334, 3406.6509, 3406.6519, 3406.651966666667, 3406.652, 3406.6520333333333, 3406.6520333333333, 3406.652633333333, 3406.6552666666666, 3406.6576, 3406.6581, 3406.6582, 3406.6582333333336, 3406.6585666666665, 3406.6588, 3406.6591, 3406.6615]","[13, 119, 85, 212, 67, 13, 196, 69, 16, 191, 85, 64, 1, 109, 16, 14, 185, 60, 101, 152, 54, 64, 13, 188, 102, 63, 118, 196, 64, 16, 70, 138, 60, 63, 16]","[13, 119, 85, 212, 67, 196, 69, 16, 191, 64, 1, 109, 14, 185, 60, 101, 152, 54, 188, 102, 63, 118, 70, 138]","[1, 13, 14, 16, 54, 60, 63, 64, 67, 69, 70, 85, 101, 102, 109, 118, 119, 138, 152, 185, 188, 191, 196, 212]"
3406.8912,3406.898,3406.9224,3406.898,6.312655925750732,31.2,"[3406.8917, 3406.8929333333335, 3406.892966666667, 3406.895233333333, 3406.8965, 3406.896566666667, 3406.8967333333335, 3406.8969, 3406.8969666666667, 3406.8972, 3406.8975666666665, 3406.8976, 3406.8977666666665, 3406.898, 3406.8980666666666, 3406.8998666666666, 3406.9016, 3406.9024, 3406.903, 3406.903, 3406.9031, 3406.9036666666666, 3406.903766666667, 3406.9039666666667, 3406.9042666666664, 3406.9042666666664, 3406.9043, 3406.9045333333333, 3406.9048, 3406.9048666666667, 3406.9051666666664, 3406.9055, 3406.906233333333, 3406.9069666666664, 3406.9079, 3406.908266666667, 3406.9089, 3406.9092666666666, 3406.9096666666665, 3406.9097, 3406.9099, 3406.910733333333, 3406.9109333333336, 3406.911666666667, 3406.9117, 3406.911866666667, 3406.9119, 3406.9121666666665, 3406.9122666666667, 3406.9141666666665, 3406.9151333333334, 3406.916, 3406.9168, 3406.9172, 3406.9172, 3406.9176666666667, 3406.9185, 3406.9187, 3406.9191333333333, 3406.9192, 3406.921533333333]","[16, 107, 60, 85, 86, 193, 5, 67, 11, 16, 188, 103, 196, 3, 60, 166, 101, 57, 39, 101, 5, 86, 193, 196, 38, 145, 108, 67, 85, 60, 102, 94, 70, 64, 60, 37, 63, 107, 10, 145, 196, 106, 67, 85, 60, 13, 94, 101, 16, 196, 37, 64, 103, 145, 60, 85, 19, 67, 210, 16, 63]","[16, 107, 60, 85, 86, 193, 5, 67, 11, 188, 103, 196, 3, 166, 101, 57, 39, 38, 145, 108, 102, 94, 70, 64, 37, 63, 10, 106, 13, 19, 210]","[3, 5, 10, 11, 13, 16, 19, 37, 38, 39, 57, 60, 63, 64, 67, 70, 85, 86, 94, 101, 102, 103, 106, 107, 108, 145, 166, 188, 193, 196, 210]"
3407.8872,3407.914,3407.934,3407.914,5.867591857910156,46.8,"[3407.8894333333333, 3407.8897666666667, 3407.890266666667, 3407.890733333333, 3407.891166666667, 3407.8913333333335, 3407.8915666666667, 3407.891866666667, 3407.8923666666665, 3407.8924666666667, 3407.8926666666666, 3407.8928666666666, 3407.8930333333333, 3407.8935333333334, 3407.8947, 3407.895466666667, 3407.8962, 3407.8962333333334, 3407.8966333333333, 3407.8967666666667, 3407.8968, 3407.8969666666667, 3407.8969666666667, 3407.8973333333333, 3407.8973666666666, 3407.8975666666665, 3407.8980666666666, 3407.898833333333, 3407.8996, 3407.9002666666665, 3407.9003333333335, 3407.9006, 3407.9007, 3407.9008, 3407.9015666666664, 3407.9017, 3407.901966666667, 3407.9022666666665, 3407.9024, 3407.902433333333, 3407.9029666666665, 3407.9036333333333, 3407.9040666666665, 3407.9043666666666, 3407.904466666667, 3407.9049666666665, 3407.905133333333, 3407.9052333333334, 3407.9052333333334, 3407.9052666666666, 3407.9053, 3407.9054, 3407.9059333333335, 3407.9068333333335, 3407.9074333333333, 3407.9077666666667, 3407.9079, 3407.9087666666665, 3407.909, 3407.9090333333334, 3407.9091333333336, 3407.9100333333336, 3407.9104666666667, 3407.9105666666665, 3407.9106333333334, 3407.9110333333333, 3407.9127, 3407.9130333333333, 3407.9131, 3407.9135666666666, 3407.9136, 3407.9138333333335, 3407.9141, 3407.914533333333, 3407.9146333333333, 3407.9146333333333, 3407.9148666666665, 3407.9148666666665, 3407.9151333333334, 3407.9153666666666, 3407.9155333333333, 3407.9155333333333, 3407.9156, 3407.9166666666665, 3407.9167, 3407.9168666666665, 3407.9174666666668, 3407.917733333333, 3407.9179, 3407.918133333333, 3407.9184333333333, 3407.9185666666667, 3407.9187333333334, 3407.9187666666667, 3407.9187666666667, 3407.918833333333, 3407.9189333333334, 3407.9191666666666, 3407.9192333333335, 3407.9194666666667, 3407.9197, 3407.919766666667, 3407.9203666666667, 3407.920666666667, 3407.9207, 3407.9208, 3407.920833333333, 3407.920866666667, 3407.9209666666666, 3407.9210333333335, 3407.9211333333333, 3407.9212, 3407.9212666666667, 3407.9214666666667, 3407.921533333333, 3407.921566666667, 3407.922, 3407.9221333333335, 3407.9222666666665, 3407.9225, 3407.9228333333335, 3407.9229333333333, 3407.9234666666666, 3407.9236, 3407.9236666666666, 3407.9239, 3407.9239333333335, 3407.9239333333335, 3407.9241, 3407.924233333333, 3407.9259, 3407.9259666666667, 3407.9262, 3407.926266666667, 3407.926466666667, 3407.9267333333332, 3407.9271, 3407.9271, 3407.9271, 3407.9272, 3407.927366666667, 3407.9274333333333, 3407.9279, 3407.9279666666666, 3407.9281, 3407.9282, 3407.9284666666667, 3407.9285333333332, 3407.9288666666666, 3407.9290333333333, 3407.9297, 3407.9299333333333, 3407.9299333333333, 3407.9301666666665, 3407.9304666666667, 3407.9309, 3407.9310666666665, 3407.9331, 3407.9332, 3407.9338333333335]","[60, 5, 3, 55, 85, 66, 113, 13, 5, 119, 16, 52, 101, 152, 13, 39, 215, 85, 77, 96, 81, 194, 3, 3, 60, 67, 85, 101, 10, 3, 119, 63, 16, 3, 41, 85, 93, 52, 5, 10, 81, 174, 67, 38, 54, 56, 101, 179, 16, 119, 7, 85, 5, 60, 11, 85, 101, 11, 226, 64, 3, 67, 224, 117, 11, 153, 5, 85, 98, 179, 7, 93, 13, 101, 72, 107, 38, 151, 67, 60, 16, 196, 100, 13, 123, 174, 63, 93, 67, 38, 85, 16, 102, 145, 69, 94, 179, 1, 92, 196, 153, 60, 226, 101, 41, 108, 56, 5, 233, 63, 100, 39, 70, 101, 67, 140, 13, 99, 123, 13, 64, 196, 38, 100, 55, 173, 13, 224, 85, 60, 16, 101, 179, 7, 67, 113, 226, 11, 70, 60, 145, 63, 85, 55, 224, 16, 13, 119, 153, 196, 145, 5, 40, 100, 38, 13, 222, 222, 101, 93]","[60, 5, 3, 55, 85, 66, 113, 13, 119, 16, 52, 101, 152, 39, 215, 77, 96, 81, 194, 67, 10, 63, 41, 93, 174, 38, 54, 56, 179, 7, 11, 226, 64, 224, 117, 153, 98, 72, 107, 151, 196, 100, 123, 102, 145, 69, 94, 1, 92, 108, 233, 70, 140, 99, 173, 40, 222]","[1, 3, 5, 7, 10, 11, 13, 16, 38, 39, 40, 41, 52, 54, 55, 56, 60, 63, 64, 66, 67, 69, 70, 72, 77, 81, 85, 92, 93, 94, 96, 98, 99, 100, 101, 102, 107, 108, 113, 117, 119, 123, 140, 145, 151, 152, 153, 173, 174, 179, 194, 196, 215, 222, 224, 226, 233]"
3410.6808,3410.7152,3410.7264,3410.7152,4.748374938964844,45.6,"[3410.6810666666665, 3410.6811333333335, 3410.6813, 3410.6821333333332, 3410.6827333333335, 3410.6833666666666, 3410.6834, 3410.6844, 3410.6848666666665, 3410.6866, 3410.6869, 3410.6869333333334, 3410.687266666667, 3410.6883333333335, 3410.6884, 3410.6886666666664, 3410.6907333333334, 3410.6917333333336, 3410.6924, 3410.6926, 3410.693366666667, 3410.693533333333, 3410.6948, 3410.695133333333, 3410.6961666666666, 3410.696266666667, 3410.696933333333, 3410.6991333333335, 3410.6995666666667, 3410.699666666667, 3410.7000333333335, 3410.7004, 3410.7008, 3410.700966666667, 3410.7018333333335, 3410.7024333333334, 3410.702533333333, 3410.703666666667, 3410.7041, 3410.7045, 3410.7045, 3410.7046333333333, 3410.705066666667, 3410.7051666666666, 3410.7052, 3410.7056, 3410.7058666666667, 3410.7061, 3410.7075333333332, 3410.7091, 3410.7091666666665, 3410.7094333333334, 3410.710666666667, 3410.7110333333335, 3410.7116, 3410.712, 3410.712233333333, 3410.7123666666666, 3410.7129666666665, 3410.7134666666666, 3410.7141, 3410.7141666666666, 3410.7158, 3410.7171, 3410.7183, 3410.7183333333332, 3410.7188666666666, 3410.7188666666666, 3410.7192666666665, 3410.7193, 3410.7195666666667, 3410.7199, 3410.7202333333335, 3410.720333333333, 3410.7209, 3410.7212666666665, 3410.7215666666666, 3410.7218333333335, 3410.7233333333334, 3410.7251, 3410.7254333333335]","[67, 81, 196, 170, 85, 173, 190, 3, 52, 190, 212, 41, 85, 60, 5, 67, 70, 85, 60, 222, 67, 108, 152, 39, 170, 16, 85, 67, 39, 56, 85, 40, 170, 106, 60, 67, 13, 212, 174, 85, 13, 60, 63, 222, 174, 60, 67, 106, 37, 103, 60, 85, 106, 67, 16, 85, 13, 11, 41, 101, 60, 152, 117, 16, 55, 39, 5, 174, 179, 7, 174, 85, 40, 93, 60, 11, 109, 162, 67, 212, 85]","[67, 81, 196, 170, 85, 173, 190, 3, 52, 212, 41, 60, 5, 70, 222, 108, 152, 39, 16, 56, 40, 106, 13, 174, 63, 37, 103, 11, 101, 117, 55, 179, 7, 93, 109, 162]","[3, 5, 7, 11, 13, 16, 37, 39, 40, 41, 52, 55, 56, 60, 63, 67, 70, 81, 85, 93, 101, 103, 106, 108, 109, 117, 152, 162, 170, 173, 174, 179, 190, 196, 212, 222]"
3411.5476,3411.57,3411.5776,3411.57,3.10969877243042,30.0,"[3411.5479333333333, 3411.5481666666665, 3411.5491666666667, 3411.551066666667, 3411.5513333333333, 3411.5527333333334, 3411.5536333333334, 3411.5547, 3411.5565, 3411.5574333333334, 3411.5574333333334, 3411.5578333333333, 3411.5581, 3411.558466666667, 3411.5590666666667, 3411.5592, 3411.5593, 3411.5593, 3411.5597666666667, 3411.5598, 3411.560033333333, 3411.5615, 3411.5652333333333, 3411.5657333333334, 3411.565866666667, 3411.566, 3411.5660333333335, 3411.5662, 3411.5664333333334, 3411.5664666666667, 3411.566566666667, 3411.5669666666668, 3411.5670333333333, 3411.5675, 3411.5677333333333, 3411.5705333333335, 3411.5725333333335, 3411.5729666666666, 3411.5745666666667, 3411.5754333333334, 3411.5755]","[236, 117, 16, 5, 60, 67, 85, 94, 106, 3, 233, 13, 236, 196, 117, 10, 237, 16, 85, 81, 67, 236, 3, 96, 64, 52, 16, 14, 67, 106, 233, 85, 60, 236, 63, 94, 138, 236, 67, 63, 60]","[236, 117, 16, 5, 60, 67, 85, 94, 106, 3, 233, 13, 196, 10, 237, 81, 96, 64, 52, 14, 63, 138]","[3, 5, 10, 13, 14, 16, 52, 60, 63, 64, 67, 81, 85, 94, 96, 106, 117, 138, 196, 233, 236, 237]"
3412.3588,3412.3868,3412.3952,3412.3868,3.3945584297180176,36.4,"[3412.3589333333334, 3412.359266666667, 3412.3594333333335, 3412.3595666666665, 3412.3598666666667, 3412.3602333333333, 3412.3606666666665, 3412.3611333333333, 3412.3611333333333, 3412.3614, 3412.3616666666667, 3412.3629, 3412.3629333333333, 3412.3633, 3412.3633333333332, 3412.3633666666665, 3412.3633666666665, 3412.3638, 3412.3638666666666, 3412.3639333333335, 3412.3639333333335, 3412.3641333333335, 3412.3643333333334, 3412.364433333333, 3412.3645666666666, 3412.3649, 3412.3650666666667, 3412.3654333333334, 3412.3654333333334, 3412.365766666667, 3412.3661, 3412.3668666666667, 3412.3671, 3412.367166666667, 3412.3672333333334, 3412.3678333333332, 3412.3681, 3412.3681666666666, 3412.3683, 3412.3684, 3412.368466666667, 3412.3686666666667, 3412.3687666666665, 3412.369, 3412.3692666666666, 3412.3694666666665, 3412.3694666666665, 3412.3697333333334, 3412.3699333333334, 3412.370033333333, 3412.3702333333335, 3412.3704333333335, 3412.3705, 3412.3709, 3412.3710666666666, 3412.3713666666667, 3412.3714, 3412.3717, 3412.3725, 3412.3729, 3412.373, 3412.3732, 3412.3737333333333, 3412.3737666666666, 3412.374333333333, 3412.3744, 3412.3744, 3412.375466666667, 3412.375666666667, 3412.376, 3412.376, 3412.3765333333336, 3412.376566666667, 3412.377033333333, 3412.377033333333, 3412.3778333333335, 3412.3784333333333, 3412.3785, 3412.3785, 3412.3785, 3412.3786333333333, 3412.3789666666667, 3412.3795333333333, 3412.3797666666665, 3412.3798, 3412.3798, 3412.3806, 3412.381, 3412.3811, 3412.3824, 3412.382866666667, 3412.382866666667, 3412.383333333333, 3412.383733333333, 3412.3842666666665, 3412.3847666666666, 3412.3848333333335, 3412.3854666666666, 3412.3857, 3412.386033333333, 3412.386233333333, 3412.3864, 3412.3865666666666, 3412.3866333333335, 3412.387, 3412.3877666666667, 3412.3886, 3412.3886, 3412.3887666666665, 3412.390066666667, 3412.3903333333333, 3412.3922666666667, 3412.3924, 3412.3930666666665, 3412.3933333333334]","[60, 196, 119, 191, 64, 13, 152, 14, 85, 64, 195, 14, 69, 216, 195, 224, 70, 11, 101, 14, 5, 107, 10, 60, 196, 16, 67, 69, 102, 96, 64, 195, 85, 117, 5, 67, 151, 102, 106, 224, 13, 14, 64, 103, 101, 191, 196, 85, 67, 196, 236, 63, 3, 60, 188, 16, 55, 119, 103, 85, 39, 153, 140, 60, 185, 217, 117, 188, 191, 67, 100, 85, 224, 153, 119, 16, 106, 67, 80, 11, 14, 233, 224, 138, 85, 60, 107, 113, 106, 54, 67, 37, 220, 85, 70, 96, 119, 196, 85, 107, 224, 63, 67, 19, 11, 16, 101, 166, 10, 60, 5, 3, 106, 67, 224]","[60, 196, 119, 191, 64, 13, 152, 14, 85, 195, 69, 216, 224, 70, 11, 101, 5, 107, 10, 16, 67, 102, 96, 117, 151, 106, 103, 236, 63, 3, 188, 55, 39, 153, 140, 185, 217, 100, 80, 233, 138, 113, 54, 37, 220, 19, 166]","[3, 5, 10, 11, 13, 14, 16, 19, 37, 39, 54, 55, 60, 63, 64, 67, 69, 70, 80, 85, 96, 100, 101, 102, 103, 106, 107, 113, 117, 119, 138, 140, 151, 152, 153, 166, 185, 188, 191, 195, 196, 216, 217, 220, 224, 233, 236]"
3412.926,3412.9364,3412.9616,3412.9364,7.579422473907471,35.6,"[3412.9266, 3412.9266666666667, 3412.9267333333332, 3412.927366666667, 3412.9278, 3412.9284666666667, 3412.9294333333332, 3412.9305, 3412.9305, 3412.9308666666666, 3412.9313666666667, 3412.9323, 3412.9325, 3412.932533333333, 3412.9329, 3412.9333333333334, 3412.9342666666666, 3412.934566666667, 3412.9347666666667, 3412.9356, 3412.9357666666665, 3412.9375, 3412.9376333333335, 3412.937933333333, 3412.9387666666667, 3412.9391, 3412.9391666666666, 3412.9393333333333, 3412.9393666666665, 3412.94, 3412.9409333333333, 3412.9410333333335, 3412.9420333333333, 3412.9429666666665, 3412.943366666667, 3412.9445666666666, 3412.9446333333335, 3412.9456333333333, 3412.946233333333, 3412.9463333333333, 3412.9466, 3412.9468333333334, 3412.9472, 3412.9473333333335, 3412.9475, 3412.947833333333, 3412.9484666666667, 3412.9501333333333, 3412.950333333333, 3412.950733333333, 3412.9509333333335, 3412.951233333333, 3412.9513, 3412.9513, 3412.9513333333334, 3412.951666666667, 3412.9534, 3412.9535666666666, 3412.9546666666665, 3412.955066666667, 3412.9557666666665, 3412.9559, 3412.9562, 3412.9568, 3412.9569333333334, 3412.957066666667, 3412.9579, 3412.9591333333333, 3412.959733333333, 3412.9607, 3412.9611]","[85, 16, 63, 60, 70, 85, 119, 64, 222, 3, 16, 60, 64, 67, 85, 56, 132, 5, 138, 5, 119, 64, 72, 226, 105, 67, 10, 41, 85, 132, 64, 10, 5, 228, 85, 57, 152, 63, 67, 98, 85, 5, 196, 16, 63, 70, 60, 174, 100, 113, 138, 162, 119, 37, 132, 99, 162, 56, 222, 63, 5, 85, 67, 16, 119, 196, 60, 67, 85, 151, 16]","[85, 16, 63, 60, 70, 119, 64, 222, 3, 67, 56, 132, 5, 138, 72, 226, 105, 10, 41, 228, 57, 152, 98, 196, 174, 100, 113, 162, 37, 99, 151]","[3, 5, 10, 16, 37, 41, 56, 57, 60, 63, 64, 67, 70, 72, 85, 98, 99, 100, 105, 113, 119, 132, 138, 151, 152, 162, 174, 196, 222, 226, 228]"
3414.2016,3414.2236,3414.2352,3414.2236,4.267039299011231,33.6,"[3414.2022666666667, 3414.2028333333333, 3414.2029333333335, 3414.2031666666667, 3414.2035, 3414.2037, 3414.204133333333, 3414.204166666667, 3414.2045333333335, 3414.2051, 3414.2051666666666, 3414.2053, 3414.2054333333335, 3414.2062666666666, 3414.2065333333335, 3414.2065333333335, 3414.2065666666667, 3414.2068, 3414.2074333333335, 3414.2085333333334, 3414.2092333333335, 3414.2098, 3414.2098666666666, 3414.2101666666667, 3414.2103, 3414.2103333333334, 3414.210666666667, 3414.2107, 3414.2107666666666, 3414.211333333333, 3414.211366666667, 3414.2115, 3414.211533333333, 3414.2116333333333, 3414.2119, 3414.2119333333335, 3414.2121666666667, 3414.2122, 3414.2128, 3414.2129333333332, 3414.213, 3414.213366666667, 3414.2139333333334, 3414.214, 3414.2145333333333, 3414.2148, 3414.214933333333, 3414.215, 3414.2152666666666, 3414.2153333333335, 3414.2154, 3414.2154666666665, 3414.2156666666665, 3414.2156666666665, 3414.2157, 3414.215833333333, 3414.2158666666664, 3414.2159333333334, 3414.2161666666666, 3414.2161666666666, 3414.2162333333335, 3414.2163, 3414.2164666666667, 3414.2167, 3414.2167, 3414.216933333333, 3414.217, 3414.2170333333333, 3414.2170666666666, 3414.2171333333335, 3414.2172, 3414.2172333333333, 3414.2177333333334, 3414.2181, 3414.2181333333333, 3414.2183333333332, 3414.2184, 3414.2186333333334, 3414.2187, 3414.2190333333333, 3414.2191, 3414.2195666666667, 3414.2197333333334, 3414.2207, 3414.2210333333333, 3414.2211333333335, 3414.221466666667, 3414.2215, 3414.2217333333333, 3414.2220666666667, 3414.222366666667, 3414.2228666666665, 3414.2229, 3414.223266666667, 3414.2238, 3414.2248, 3414.2249666666667, 3414.225233333333, 3414.2257, 3414.2264, 3414.2264666666665, 3414.2265, 3414.226633333333, 3414.2268, 3414.227066666667, 3414.2271, 3414.2284, 3414.2290333333335, 3414.2292666666667, 3414.2295, 3414.2295, 3414.230233333333, 3414.230433333333, 3414.2305666666666, 3414.2308, 3414.2308333333335, 3414.2312666666667, 3414.2313, 3414.2318666666665, 3414.2319333333335, 3414.232033333333, 3414.2322, 3414.2336333333333, 3414.2338, 3414.2338, 3414.2338, 3414.233833333333, 3414.2339333333334, 3414.2344, 3414.2347666666665, 3414.2348333333334, 3414.2350333333334, 3414.235133333333, 3414.2352]","[67, 153, 117, 85, 118, 191, 111, 112, 105, 10, 60, 16, 101, 55, 191, 11, 188, 67, 85, 60, 16, 64, 188, 101, 85, 13, 101, 188, 11, 67, 145, 55, 226, 41, 60, 93, 38, 153, 13, 174, 218, 101, 188, 122, 119, 162, 60, 85, 191, 67, 80, 215, 112, 92, 111, 108, 188, 16, 173, 107, 194, 119, 196, 92, 233, 179, 0, 235, 60, 67, 11, 3, 65, 85, 16, 100, 119, 94, 99, 140, 98, 188, 215, 102, 60, 188, 55, 107, 101, 101, 5, 5, 67, 85, 11, 100, 5, 108, 16, 63, 14, 39, 233, 60, 85, 67, 56, 188, 67, 101, 11, 39, 106, 13, 226, 196, 145, 188, 86, 193, 16, 118, 102, 112, 65, 69, 111, 67, 99, 45, 132, 16, 60, 233]","[67, 153, 117, 85, 118, 191, 111, 112, 105, 10, 60, 16, 101, 55, 11, 188, 64, 13, 145, 226, 41, 93, 38, 174, 218, 122, 119, 162, 80, 215, 92, 108, 173, 107, 194, 196, 233, 179, 0, 235, 3, 65, 100, 94, 99, 140, 98, 102, 5, 63, 14, 39, 56, 106, 86, 193, 69, 45, 132]","[0, 3, 5, 10, 11, 13, 14, 16, 38, 39, 41, 45, 55, 56, 60, 63, 64, 65, 67, 69, 80, 85, 86, 92, 93, 94, 98, 99, 100, 101, 102, 105, 106, 107, 108, 111, 112, 117, 118, 119, 122, 132, 140, 145, 153, 162, 173, 174, 179, 188, 191, 193, 194, 196, 215, 218, 226, 233, 235]"
3414.386,3414.4,3414.416,3414.4,9.425761222839355,30.0,"[3414.388033333333, 3414.3894333333333, 3414.3903333333333, 3414.3906666666667, 3414.3908, 3414.3908333333334, 3414.3908666666666, 3414.3910666666666, 3414.3911333333335, 3414.3915666666667, 3414.391833333333, 3414.3921, 3414.3957, 3414.3958, 3414.3960333333334, 3414.3964333333333, 3414.3967666666667, 3414.3969666666667, 3414.3969666666667, 3414.397466666667, 3414.3975333333333, 3414.3976333333335, 3414.3979, 3414.3985333333335, 3414.4002666666665, 3414.4003, 3414.4003333333335, 3414.4009, 3414.4018333333333, 3414.4026, 3414.402633333333, 3414.4036, 3414.4043333333334, 3414.4045, 3414.4045666666666, 3414.4082, 3414.4083333333333, 3414.4102666666668, 3414.4103, 3414.4104333333335, 3414.4112, 3414.4119666666666, 3414.4120666666668, 3414.4124666666667, 3414.4124666666667, 3414.4133333333334, 3414.4155333333333]","[166, 60, 196, 10, 16, 85, 222, 86, 193, 91, 56, 67, 170, 222, 38, 101, 85, 64, 63, 67, 86, 193, 16, 119, 222, 93, 106, 101, 188, 63, 41, 16, 85, 67, 60, 188, 11, 223, 10, 100, 101, 86, 193, 16, 98, 67, 85]","[166, 60, 196, 10, 16, 85, 222, 86, 193, 91, 56, 67, 170, 38, 101, 64, 63, 119, 93, 106, 188, 41, 11, 223, 100, 98]","[10, 11, 16, 38, 41, 56, 60, 63, 64, 67, 85, 86, 91, 93, 98, 100, 101, 106, 119, 166, 170, 188, 193, 196, 222, 223]"
3414.7124,3414.7244,3414.7324,3414.7244,5.44598388671875,20.0,"[3414.7125, 3414.7127333333333, 3414.7128333333335, 3414.7134333333333, 3414.7141333333334, 3414.7141666666666, 3414.7143, 3414.7149666666664, 3414.7159, 3414.7159666666666, 3414.716, 3414.7165333333332, 3414.7165333333332, 3414.7166333333334, 3414.716966666667, 3414.7173, 3414.7179666666666, 3414.7187, 3414.719633333333, 3414.7201666666665, 3414.720333333333, 3414.7207, 3414.721, 3414.721233333333, 3414.721466666667, 3414.7217, 3414.7221666666665, 3414.722333333333, 3414.722366666667, 3414.7224333333334, 3414.7225, 3414.7245, 3414.7254666666668, 3414.7269666666666, 3414.7273, 3414.7276666666667, 3414.7278666666666, 3414.7294333333334, 3414.7309333333333, 3414.7321, 3414.7321666666667, 3414.732233333333]","[5, 41, 1, 101, 179, 7, 102, 3, 196, 13, 60, 85, 117, 67, 16, 150, 153, 78, 105, 10, 196, 67, 85, 69, 100, 106, 60, 117, 92, 13, 98, 140, 85, 5, 63, 100, 16, 60, 85, 92, 11, 67]","[5, 41, 1, 101, 179, 7, 102, 3, 196, 13, 60, 85, 117, 67, 16, 150, 153, 78, 105, 10, 69, 100, 106, 92, 98, 140, 63, 11]","[1, 3, 5, 7, 10, 11, 13, 16, 41, 60, 63, 67, 69, 78, 85, 92, 98, 100, 101, 102, 105, 106, 117, 140, 150, 153, 179, 196]"
3415.6272,3415.6456,3415.6648,3415.6456,5.68776798248291,37.6,"[3415.6277, 3415.6278333333335, 3415.6282, 3415.6282333333334, 3415.628833333333, 3415.63, 3415.63, 3415.6312, 3415.6313333333333, 3415.6313333333333, 3415.631533333333, 3415.6320666666666, 3415.6322666666665, 3415.632633333333, 3415.633333333333, 3415.6337, 3415.6342, 3415.634433333333, 3415.6345666666666, 3415.6347333333333, 3415.6347333333333, 3415.6361666666667, 3415.6367333333333, 3415.6377333333335, 3415.6381, 3415.6384, 3415.6385, 3415.6388666666667, 3415.6391, 3415.6393, 3415.6395666666667, 3415.6406666666667, 3415.640933333333, 3415.6414, 3415.6417666666666, 3415.6422666666667, 3415.643633333333, 3415.6450666666665, 3415.645666666667, 3415.6462, 3415.646366666667, 3415.6467666666667, 3415.6469333333334, 3415.6489666666666, 3415.6492333333335, 3415.6528333333335, 3415.6540333333332, 3415.6545, 3415.6546333333335, 3415.6548666666667, 3415.6556666666665, 3415.656, 3415.6563, 3415.6568333333335, 3415.6599333333334, 3415.6606333333334, 3415.6613, 3415.6621, 3415.6624333333334, 3415.6630666666665, 3415.664, 3415.664366666667]","[69, 60, 109, 67, 85, 226, 11, 13, 67, 105, 101, 16, 197, 197, 116, 109, 60, 1, 216, 85, 117, 11, 226, 196, 67, 85, 117, 41, 37, 0, 108, 16, 60, 197, 11, 116, 69, 106, 67, 63, 60, 11, 85, 226, 138, 63, 113, 67, 69, 85, 170, 60, 233, 16, 67, 85, 16, 153, 94, 174, 60, 116]","[69, 60, 109, 67, 85, 226, 11, 13, 105, 101, 16, 197, 116, 1, 216, 117, 196, 41, 37, 0, 108, 106, 63, 138, 113, 170, 233, 153, 94, 174]","[0, 1, 11, 13, 16, 37, 41, 60, 63, 67, 69, 85, 94, 101, 105, 106, 108, 109, 113, 116, 117, 138, 153, 170, 174, 196, 197, 216, 226, 233]"
3415.804,3415.824,3415.8348,3415.824,8.888541221618652,30.8,"[3415.8041333333335, 3415.8045, 3415.8051333333333, 3415.8056, 3415.8058666666666, 3415.8060666666665, 3415.8061666666667, 3415.8074, 3415.8088333333335, 3415.8090333333334, 3415.8092333333334, 3415.8092666666666, 3415.8095333333335, 3415.8099, 3415.8099, 3415.8103333333333, 3415.8105, 3415.8105666666665, 3415.8106666666667, 3415.8109, 3415.8112, 3415.8119333333334, 3415.8121, 3415.8123666666665, 3415.8124666666668, 3415.8131, 3415.8134666666665, 3415.813866666667, 3415.8141, 3415.8143, 3415.8144666666667, 3415.814533333333, 3415.8146666666667, 3415.8148666666666, 3415.8152, 3415.8152333333333, 3415.8152333333333, 3415.8158, 3415.8168333333333, 3415.8168666666666, 3415.8169666666668, 3415.8171666666667, 3415.8173666666667, 3415.8175666666666, 3415.8175666666666, 3415.818333333333, 3415.819266666667, 3415.8193, 3415.819433333333, 3415.819466666667, 3415.8196333333335, 3415.8196333333335, 3415.8202666666666, 3415.8207333333335, 3415.8214333333335, 3415.8217, 3415.821733333333, 3415.8221, 3415.8226, 3415.8226666666665, 3415.8234, 3415.8234, 3415.8236, 3415.8236333333334, 3415.823766666667, 3415.8244, 3415.8244666666665, 3415.824666666667, 3415.8251666666665, 3415.8258, 3415.8263333333334, 3415.8271666666665, 3415.8272666666667, 3415.827333333333, 3415.8279333333335, 3415.8286, 3415.828933333333, 3415.8291, 3415.8292, 3415.8294, 3415.8295, 3415.830066666667, 3415.8306, 3415.8309, 3415.8316, 3415.8316333333332, 3415.832033333333, 3415.832766666667, 3415.8328, 3415.8333666666667, 3415.8334, 3415.8334333333332, 3415.8341, 3415.8341, 3415.8344666666667, 3415.834533333333, 3415.834733333333]","[19, 41, 117, 60, 14, 67, 226, 85, 101, 67, 10, 69, 101, 103, 152, 16, 174, 233, 196, 41, 119, 223, 60, 5, 67, 132, 85, 102, 63, 66, 64, 103, 3, 195, 117, 5, 188, 136, 67, 107, 60, 16, 85, 56, 145, 40, 117, 67, 70, 188, 145, 80, 40, 152, 69, 117, 85, 37, 102, 5, 195, 150, 196, 101, 5, 60, 85, 145, 67, 117, 132, 67, 69, 5, 80, 52, 63, 5, 85, 5, 101, 16, 13, 179, 3, 103, 226, 98, 107, 60, 67, 170, 16, 223, 85, 119, 69]","[19, 41, 117, 60, 14, 67, 226, 85, 101, 10, 69, 103, 152, 16, 174, 233, 196, 119, 223, 5, 132, 102, 63, 66, 64, 3, 195, 188, 136, 107, 56, 145, 40, 70, 80, 37, 150, 52, 13, 179, 98, 170]","[3, 5, 10, 13, 14, 16, 19, 37, 40, 41, 52, 56, 60, 63, 64, 66, 67, 69, 70, 80, 85, 98, 101, 102, 103, 107, 117, 119, 132, 136, 145, 150, 152, 170, 174, 179, 188, 195, 196, 223, 226, 233]"
3418.1272,3418.1348,3418.1576,3418.1348,4.291282653808594,30.4,"[3418.127933333333, 3418.1280333333334, 3418.1289666666667, 3418.1291, 3418.1291333333334, 3418.1302333333333, 3418.1302333333333, 3418.1303666666668, 3418.1307333333334, 3418.1307666666667, 3418.1313666666665, 3418.1313666666665, 3418.1318666666666, 3418.133, 3418.1349, 3418.1349666666665, 3418.1350333333335, 3418.1358666666665, 3418.1373, 3418.1394333333333, 3418.139633333333, 3418.1401666666666, 3418.1404333333335, 3418.1413666666667, 3418.1415333333334, 3418.1421666666665, 3418.1422, 3418.142533333333, 3418.1430666666665, 3418.1432, 3418.1432333333332, 3418.1437333333333, 3418.1448333333333, 3418.1451, 3418.1454, 3418.1501, 3418.1505, 3418.150633333333, 3418.150666666667, 3418.1513333333332, 3418.1519333333335, 3418.152633333333, 3418.1569, 3418.1573333333336, 3418.1574333333333, 3418.1575333333335]","[85, 113, 5, 52, 236, 119, 92, 16, 96, 85, 67, 81, 60, 1, 87, 191, 67, 85, 67, 60, 85, 117, 40, 236, 237, 16, 67, 92, 64, 106, 5, 196, 60, 0, 85, 85, 67, 70, 162, 16, 55, 60, 70, 196, 145, 85]","[85, 113, 5, 52, 236, 119, 92, 16, 96, 67, 81, 60, 1, 87, 191, 117, 40, 237, 64, 106, 196, 0, 70, 162, 55, 145]","[0, 1, 5, 16, 40, 52, 55, 60, 64, 67, 70, 81, 85, 87, 92, 96, 106, 113, 117, 119, 145, 162, 191, 196, 236, 237]"
3420.0088,3420.018,3420.0384,3420.018,5.742286205291748,29.6,"[3420.0089, 3420.0095333333334, 3420.0095333333334, 3420.010333333333, 3420.0106333333333, 3420.0107666666668, 3420.0108333333333, 3420.0109, 3420.0109333333335, 3420.011, 3420.011033333333, 3420.0111, 3420.011433333333, 3420.011433333333, 3420.011466666667, 3420.0117333333333, 3420.0118666666667, 3420.0119, 3420.011933333333, 3420.0125666666668, 3420.0126333333333, 3420.0127, 3420.0128, 3420.013066666667, 3420.0133, 3420.0135, 3420.0136333333335, 3420.0138, 3420.0142, 3420.0142, 3420.0147, 3420.014833333333, 3420.0149, 3420.015033333333, 3420.0153333333333, 3420.0154666666667, 3420.0154666666667, 3420.0156333333334, 3420.0156333333334, 3420.0156666666667, 3420.016166666667, 3420.0163333333335, 3420.0165666666667, 3420.0172333333335, 3420.0173, 3420.0175, 3420.0176, 3420.017733333333, 3420.0180666666665, 3420.0180666666665, 3420.0184, 3420.0184, 3420.018466666667, 3420.018466666667, 3420.0188333333335, 3420.0191, 3420.0191333333332, 3420.0193, 3420.019333333333, 3420.019566666667, 3420.0196666666666, 3420.0197333333335, 3420.0198, 3420.0199333333335, 3420.0199666666667, 3420.0200666666665, 3420.0200666666665, 3420.0201333333334, 3420.0202, 3420.020666666667, 3420.0209333333332, 3420.0209666666665, 3420.0212333333334, 3420.0212333333334, 3420.0212333333334, 3420.021366666667, 3420.0215333333335, 3420.0217333333335, 3420.0218333333332, 3420.0219333333334, 3420.022066666667, 3420.0221333333334, 3420.0221333333334, 3420.0223666666666, 3420.0225333333333, 3420.0226, 3420.0226666666667, 3420.0232, 3420.0235666666667, 3420.0236, 3420.0243, 3420.0246, 3420.0246, 3420.024933333333, 3420.0252, 3420.0257666666666, 3420.0284666666666, 3420.0289, 3420.0289, 3420.0292, 3420.0293333333334, 3420.0296, 3420.0297333333333, 3420.0299, 3420.0300333333334, 3420.030366666667, 3420.0305, 3420.0311666666666, 3420.0317, 3420.0317666666665, 3420.0320333333334, 3420.0351666666666, 3420.035733333333, 3420.0359, 3420.036, 3420.036833333333, 3420.036866666667, 3420.0369, 3420.0381666666667]","[70, 5, 16, 210, 113, 122, 106, 222, 63, 62, 85, 188, 38, 190, 67, 81, 3, 106, 13, 40, 70, 150, 188, 198, 14, 19, 60, 5, 188, 222, 85, 11, 102, 106, 16, 52, 196, 101, 5, 10, 67, 70, 198, 153, 85, 190, 106, 118, 38, 60, 69, 196, 132, 140, 233, 63, 94, 52, 103, 14, 3, 222, 67, 162, 145, 106, 10, 3, 100, 60, 38, 16, 102, 14, 13, 188, 179, 107, 101, 85, 67, 3, 188, 179, 226, 41, 7, 39, 38, 107, 60, 13, 70, 110, 85, 145, 152, 197, 13, 54, 5, 117, 63, 85, 3, 67, 222, 57, 14, 16, 60, 100, 78, 86, 11, 188, 60, 85, 78]","[70, 5, 16, 210, 113, 122, 106, 222, 63, 62, 85, 188, 38, 190, 67, 81, 3, 13, 40, 150, 198, 14, 19, 60, 11, 102, 52, 196, 101, 10, 153, 118, 69, 132, 140, 233, 94, 103, 162, 145, 100, 179, 107, 226, 41, 7, 39, 110, 152, 197, 54, 117, 57, 78, 86]","[3, 5, 7, 10, 11, 13, 14, 16, 19, 38, 39, 40, 41, 52, 54, 57, 60, 62, 63, 67, 69, 70, 78, 81, 85, 86, 94, 100, 101, 102, 103, 106, 107, 110, 113, 117, 118, 122, 132, 140, 145, 150, 152, 153, 162, 179, 188, 190, 196, 197, 198, 210, 222, 226, 233]"
3423.0804,3423.0868,3423.1012,3423.0868,6.759218692779541,20.8,"[3423.0806333333335, 3423.0807, 3423.081133333333, 3423.0817333333334, 3423.0826666666667, 3423.0828, 3423.0831, 3423.0833, 3423.083633333333, 3423.0848333333333, 3423.0850666666665, 3423.0860333333335, 3423.0862, 3423.0868666666665, 3423.0870333333332, 3423.0891666666666, 3423.0898333333334, 3423.090833333333, 3423.0931666666665, 3423.0945, 3423.0947666666666, 3423.0966, 3423.098933333333, 3423.100233333333]","[227, 16, 67, 64, 196, 179, 11, 215, 60, 11, 101, 102, 16, 152, 67, 132, 60, 67, 41, 60, 11, 16, 60, 196]","[227, 16, 67, 64, 196, 179, 11, 215, 60, 101, 102, 152, 132, 41]","[11, 16, 41, 60, 64, 67, 101, 102, 132, 152, 179, 196, 215, 227]"
3426.1044,3426.1196,3426.144,3426.1196,10.120107650756836,39.6,"[3426.104533333333, 3426.1050666666665, 3426.1057333333333, 3426.1059666666665, 3426.106133333333, 3426.1061666666665, 3426.1064333333334, 3426.1065, 3426.1077333333333, 3426.1086333333333, 3426.1092, 3426.109466666667, 3426.109733333333, 3426.1098, 3426.1098333333334, 3426.110366666667, 3426.1105, 3426.1105666666667, 3426.1106, 3426.1107, 3426.1109333333334, 3426.111533333333, 3426.1119, 3426.1124, 3426.1136, 3426.1138666666666, 3426.1147, 3426.1150666666667, 3426.115333333333, 3426.1160333333332, 3426.1166333333335, 3426.1168666666667, 3426.1169, 3426.117, 3426.117133333333, 3426.1181666666666, 3426.1188, 3426.1195, 3426.1195333333335, 3426.1210333333333, 3426.1216, 3426.1217666666666, 3426.1224333333334, 3426.1230333333333, 3426.1230333333333, 3426.1232, 3426.1234, 3426.1242333333334, 3426.124566666667, 3426.1249666666668, 3426.1251, 3426.1259333333333, 3426.1263, 3426.1266666666666, 3426.1276333333335, 3426.1277, 3426.128166666667, 3426.128166666667, 3426.1286, 3426.1291, 3426.1298666666667, 3426.1298666666667, 3426.13, 3426.1302, 3426.1302, 3426.1302333333333, 3426.1303666666668, 3426.130633333333, 3426.130633333333, 3426.131033333333, 3426.131966666667, 3426.1325666666667, 3426.1327, 3426.1328, 3426.1342, 3426.1351666666665, 3426.135566666667, 3426.1356666666666, 3426.1357333333335, 3426.1358666666665, 3426.1366333333335, 3426.1366333333335, 3426.1366666666668, 3426.1373, 3426.1374333333333, 3426.1375666666668, 3426.1379333333334, 3426.138466666667, 3426.1395, 3426.1396, 3426.1415333333334, 3426.1417333333334, 3426.142, 3426.1421, 3426.1422666666667, 3426.1426666666666, 3426.1428, 3426.143633333333]","[102, 63, 222, 67, 145, 3, 85, 16, 41, 67, 11, 64, 101, 232, 7, 69, 39, 222, 5, 105, 85, 10, 166, 190, 3, 107, 190, 5, 67, 64, 11, 179, 7, 85, 145, 13, 106, 67, 119, 80, 85, 16, 60, 174, 106, 196, 67, 109, 86, 81, 55, 0, 16, 63, 85, 67, 188, 60, 174, 81, 85, 63, 11, 94, 67, 233, 55, 16, 101, 41, 86, 223, 60, 5, 3, 67, 188, 69, 86, 16, 13, 170, 107, 153, 85, 55, 233, 94, 60, 86, 13, 85, 188, 119, 16, 122, 56, 233]","[102, 63, 222, 67, 145, 3, 85, 16, 41, 11, 64, 101, 232, 7, 69, 39, 5, 105, 10, 166, 190, 107, 179, 13, 106, 119, 80, 60, 174, 196, 109, 86, 81, 55, 0, 188, 94, 233, 223, 170, 153, 122, 56]","[0, 3, 5, 7, 10, 11, 13, 16, 39, 41, 55, 56, 60, 63, 64, 67, 69, 80, 81, 85, 86, 94, 101, 102, 105, 106, 107, 109, 119, 122, 145, 153, 166, 170, 174, 179, 188, 190, 196, 222, 223, 232, 233]"
3426.7944,3426.8076,3426.8272,3426.8076,9.89610195159912,32.8,"[3426.7949, 3426.7949, 3426.7972666666665, 3426.7973666666667, 3426.7979333333333, 3426.798533333333, 3426.799233333333, 3426.8, 3426.8, 3426.8002666666666, 3426.8003, 3426.8007, 3426.801066666667, 3426.8018333333334, 3426.8025666666667, 3426.8026666666665, 3426.8028, 3426.8034666666667, 3426.8036666666667, 3426.804166666667, 3426.8042333333333, 3426.8049, 3426.8062, 3426.8063333333334, 3426.8068333333335, 3426.8070333333335, 3426.8072, 3426.808, 3426.808233333333, 3426.808433333333, 3426.8086, 3426.8087666666665, 3426.8090333333334, 3426.809333333333, 3426.8095, 3426.809566666667, 3426.810233333333, 3426.8104333333335, 3426.8115666666667, 3426.8124666666668, 3426.813166666667, 3426.813166666667, 3426.813866666667, 3426.8141, 3426.814533333333, 3426.8148666666666, 3426.8152, 3426.8158333333336, 3426.8160666666668, 3426.8161333333333, 3426.8162333333335, 3426.8164, 3426.8168333333333, 3426.817, 3426.8170333333333, 3426.8173333333334, 3426.8175666666666, 3426.8182, 3426.8184666666666, 3426.8185, 3426.8191, 3426.819266666667, 3426.8201, 3426.8204, 3426.8207, 3426.8209666666667, 3426.8212, 3426.8213, 3426.8214666666668, 3426.8215, 3426.8217, 3426.8220333333334, 3426.823733333333, 3426.8238333333334, 3426.8245333333334, 3426.8251666666665, 3426.8252666666667, 3426.8254333333334, 3426.8257, 3426.8258666666666, 3426.8261, 3426.8263333333334, 3426.8265333333334, 3426.826633333333, 3426.8269, 3426.8269666666665, 3426.827]","[85, 119, 67, 150, 152, 174, 117, 5, 41, 106, 56, 103, 3, 13, 41, 60, 1, 85, 117, 93, 0, 152, 85, 94, 5, 200, 162, 16, 63, 106, 65, 39, 11, 40, 60, 162, 85, 13, 138, 3, 85, 67, 150, 11, 5, 93, 108, 105, 60, 63, 16, 50, 151, 94, 98, 5, 80, 162, 101, 38, 13, 60, 85, 101, 10, 152, 67, 39, 1, 5, 106, 55, 16, 60, 200, 13, 3, 85, 227, 226, 54, 39, 236, 179, 103, 67, 200]","[85, 119, 67, 150, 152, 174, 117, 5, 41, 106, 56, 103, 3, 13, 60, 1, 93, 0, 94, 200, 162, 16, 63, 65, 39, 11, 40, 138, 108, 105, 50, 151, 98, 80, 101, 38, 10, 55, 227, 226, 54, 236, 179]","[0, 1, 3, 5, 10, 11, 13, 16, 38, 39, 40, 41, 50, 54, 55, 56, 60, 63, 65, 67, 80, 85, 93, 94, 98, 101, 103, 105, 106, 108, 117, 119, 138, 150, 151, 152, 162, 174, 179, 200, 226, 227, 236]"
3427.028,3427.0484,3427.0516,3427.0484,2.51438570022583,23.6,"[3427.0284, 3427.0284333333334, 3427.0295, 3427.0307, 3427.0308333333332, 3427.0308666666665, 3427.0311666666666, 3427.0316, 3427.0318, 3427.033266666667, 3427.0338, 3427.033966666667, 3427.0347333333334, 3427.034833333333, 3427.0352333333335, 3427.0358333333334, 3427.0363333333335, 3427.037, 3427.0374, 3427.0387666666666, 3427.0405, 3427.0414, 3427.0419333333334, 3427.042033333333, 3427.0421, 3427.0422, 3427.0423666666666, 3427.0428, 3427.0435, 3427.0437666666667, 3427.0446666666667, 3427.0452, 3427.0462666666667, 3427.0473333333334, 3427.0476, 3427.047866666667, 3427.0481666666665, 3427.0482666666667, 3427.0489, 3427.0493333333334, 3427.0495333333333, 3427.0496, 3427.0501, 3427.0502333333334, 3427.0505333333335, 3427.0511333333334, 3427.0511666666666, 3427.051466666667, 3427.0515666666665]","[40, 11, 60, 119, 16, 67, 85, 81, 150, 94, 102, 64, 107, 119, 10, 3, 16, 196, 1, 67, 101, 102, 55, 195, 196, 197, 41, 67, 13, 179, 11, 16, 85, 11, 101, 67, 106, 196, 60, 1, 92, 11, 57, 16, 69, 117, 13, 85, 188]","[40, 11, 60, 119, 16, 67, 85, 81, 150, 94, 102, 64, 107, 10, 3, 196, 1, 101, 55, 195, 197, 41, 13, 179, 106, 92, 57, 69, 117, 188]","[1, 3, 10, 11, 13, 16, 40, 41, 55, 57, 60, 64, 67, 69, 81, 85, 92, 94, 101, 102, 106, 107, 117, 119, 150, 179, 188, 195, 196, 197]"
3427.9848,3428.0128,3428.018,3428.0128,3.525664806365967,33.2,"[3427.9848333333334, 3427.9849, 3427.9855333333335, 3427.986, 3427.9870333333333, 3427.9870333333333, 3427.9871, 3427.9874666666665, 3427.9875, 3427.9883666666665, 3427.9884, 3427.9888, 3427.9892, 3427.9899666666665, 3427.990533333333, 3427.9909333333335, 3427.991233333333, 3427.991266666667, 3427.991266666667, 3427.9913666666666, 3427.9915, 3427.9917333333333, 3427.9920333333334, 3427.9921, 3427.992133333333, 3427.9923, 3427.9924666666666, 3427.993, 3427.9931666666666, 3427.9936666666667, 3427.9937666666665, 3427.9941, 3427.9943, 3427.9943, 3427.9946333333332, 3427.9964333333332, 3427.997533333333, 3427.9978, 3427.998433333333, 3427.998433333333, 3427.9985, 3427.9987, 3427.9987, 3427.9988333333336, 3427.9989333333333, 3427.9990666666667, 3427.9995, 3427.9996666666666, 3427.9997, 3428.0005666666666, 3428.0008333333335, 3428.0009, 3428.0015333333336, 3428.0017, 3428.0017333333335, 3428.0018333333333, 3428.002033333333, 3428.0023666666666, 3428.0025, 3428.0028, 3428.003166666667, 3428.0034, 3428.0041333333334, 3428.0048333333334, 3428.0048666666667, 3428.005, 3428.005166666667, 3428.0052, 3428.0054333333333, 3428.006033333333, 3428.0062, 3428.0066666666667, 3428.0068666666666, 3428.0072, 3428.0072666666665, 3428.0074666666665, 3428.0081, 3428.0081, 3428.008766666667, 3428.0089666666668, 3428.009, 3428.0090666666665, 3428.009433333333, 3428.009466666667, 3428.0097, 3428.0098666666668, 3428.010133333333, 3428.010366666667, 3428.0106333333333, 3428.0108, 3428.0111333333334, 3428.0114, 3428.011433333333, 3428.0118, 3428.0118333333335, 3428.0124666666666, 3428.0127666666667, 3428.0142333333333, 3428.0146, 3428.0147, 3428.015266666667, 3428.0157, 3428.0158, 3428.0163, 3428.016833333333, 3428.0169333333333, 3428.0170333333335]","[85, 67, 119, 41, 67, 16, 102, 16, 0, 101, 10, 85, 55, 145, 60, 16, 67, 13, 96, 11, 132, 52, 85, 162, 3, 5, 38, 166, 52, 16, 67, 196, 85, 153, 107, 60, 41, 3, 67, 19, 209, 145, 5, 106, 85, 52, 56, 198, 13, 117, 117, 67, 85, 233, 60, 70, 100, 220, 16, 41, 11, 237, 64, 60, 100, 40, 196, 188, 40, 63, 14, 152, 85, 109, 237, 13, 60, 52, 3, 16, 222, 67, 117, 222, 85, 226, 37, 96, 63, 5, 3, 60, 67, 16, 196, 5, 197, 67, 13, 222, 196, 5, 40, 16, 237, 85, 64]","[85, 67, 119, 41, 16, 102, 0, 101, 10, 55, 145, 60, 13, 96, 11, 132, 52, 162, 3, 5, 38, 166, 196, 153, 107, 19, 209, 106, 56, 198, 117, 233, 70, 100, 220, 237, 64, 40, 188, 63, 14, 152, 109, 222, 226, 37, 197]","[0, 3, 5, 10, 11, 13, 14, 16, 19, 37, 38, 40, 41, 52, 55, 56, 60, 63, 64, 67, 70, 85, 96, 100, 101, 102, 106, 107, 109, 117, 119, 132, 145, 152, 153, 162, 166, 188, 196, 197, 198, 209, 220, 222, 226, 233, 237]"
3431.9388,3431.9608,3431.9932,3431.9608,17.040786743164062,54.4,"[3431.9393333333333, 3431.9394666666667, 3431.9395666666665, 3431.9398333333334, 3431.9400333333333, 3431.9401666666668, 3431.9402333333333, 3431.9403333333335, 3431.940433333333, 3431.9405, 3431.9410333333335, 3431.941333333333, 3431.9414666666667, 3431.9416, 3431.941766666667, 3431.9418333333333, 3431.9418666666666, 3431.9422, 3431.9426, 3431.9428333333335, 3431.9429, 3431.9429666666665, 3431.943566666667, 3431.9439, 3431.9443666666666, 3431.9446333333335, 3431.9450666666667, 3431.9453, 3431.945333333333, 3431.9454, 3431.9454666666666, 3431.9455, 3431.9456, 3431.9457666666667, 3431.9459666666667, 3431.946, 3431.946066666667, 3431.946266666667, 3431.9466, 3431.9467, 3431.9468333333334, 3431.947133333333, 3431.947166666667, 3431.9481666666666, 3431.9481666666666, 3431.9482333333335, 3431.9484333333335, 3431.9486, 3431.9486333333334, 3431.948766666667, 3431.9488333333334, 3431.9490333333333, 3431.9493666666667, 3431.9497333333334, 3431.9500333333335, 3431.9501333333333, 3431.9506, 3431.9506333333334, 3431.9506333333334, 3431.950766666667, 3431.9509333333335, 3431.9513333333334, 3431.9517, 3431.952, 3431.9522, 3431.9524333333334, 3431.953, 3431.9531, 3431.953233333333, 3431.9533333333334, 3431.953933333333, 3431.954133333333, 3431.9544, 3431.9547333333335, 3431.955966666667, 3431.9560333333334, 3431.956166666667, 3431.956366666667, 3431.9565, 3431.9565, 3431.9566, 3431.9566333333332, 3431.9567, 3431.9574, 3431.9575, 3431.9582, 3431.9583333333335, 3431.958633333333, 3431.9587, 3431.958833333333, 3431.958866666667, 3431.9589333333333, 3431.9589666666666, 3431.9593333333332, 3431.9594666666667, 3431.9599, 3431.9599333333335, 3431.9602, 3431.9603666666667, 3431.960466666667, 3431.9605666666666, 3431.9606, 3431.9609, 3431.9611666666665, 3431.9612333333334, 3431.9614333333334, 3431.961566666667, 3431.9625666666666, 3431.9635, 3431.964033333333, 3431.9640666666664, 3431.9640666666664, 3431.9645, 3431.9645666666665, 3431.9646666666667, 3431.9648, 3431.9648, 3431.9648666666667, 3431.9649, 3431.9649666666664, 3431.9653333333335, 3431.965366666667, 3431.9656, 3431.9657666666667, 3431.9664, 3431.9672333333333, 3431.9699, 3431.9702333333335, 3431.9703666666665, 3431.970566666667, 3431.9706, 3431.9708666666666, 3431.9714, 3431.9719666666665, 3431.972, 3431.972, 3431.972, 3431.9731, 3431.973233333333, 3431.9733333333334, 3431.9734333333336, 3431.9735, 3431.9736333333335, 3431.9738666666667, 3431.9738666666667, 3431.9763666666668, 3431.9774333333335, 3431.9780666666666, 3431.9810666666667, 3431.983366666667, 3431.9836666666665, 3431.984, 3431.984033333333, 3431.984066666667, 3431.9841666666666, 3431.9842, 3431.9866666666667, 3431.9875666666667, 3431.9882, 3431.9883333333332, 3431.9883666666665, 3431.9886, 3431.9889, 3431.9890666666665, 3431.992333333333]","[64, 85, 67, 117, 138, 60, 55, 188, 5, 197, 40, 67, 153, 85, 168, 52, 5, 132, 96, 56, 16, 60, 109, 216, 67, 196, 64, 13, 101, 52, 5, 63, 85, 119, 103, 3, 40, 107, 40, 60, 102, 13, 152, 179, 85, 7, 145, 100, 162, 67, 224, 99, 63, 101, 13, 5, 145, 63, 188, 101, 85, 16, 39, 13, 60, 64, 117, 67, 80, 70, 153, 85, 11, 16, 107, 63, 5, 145, 5, 11, 188, 101, 170, 93, 38, 106, 85, 60, 179, 188, 145, 108, 81, 67, 70, 227, 3, 16, 85, 92, 233, 13, 66, 94, 63, 52, 145, 224, 196, 179, 64, 7, 5, 70, 37, 60, 101, 145, 132, 63, 227, 196, 85, 16, 13, 150, 85, 16, 67, 69, 227, 63, 94, 233, 1, 152, 105, 224, 196, 60, 5, 179, 40, 101, 3, 60, 85, 67, 16, 106, 170, 5, 94, 196, 1, 152, 100, 85, 67, 190, 16, 64, 80, 5, 60]","[64, 85, 67, 117, 138, 60, 55, 188, 5, 197, 40, 153, 168, 52, 132, 96, 56, 16, 109, 216, 196, 13, 101, 63, 119, 103, 3, 107, 102, 152, 179, 7, 145, 100, 162, 224, 99, 39, 80, 70, 11, 170, 93, 38, 106, 108, 81, 227, 92, 233, 66, 94, 37, 150, 69, 1, 105, 190]","[1, 3, 5, 7, 11, 13, 16, 37, 38, 39, 40, 52, 55, 56, 60, 63, 64, 66, 67, 69, 70, 80, 81, 85, 92, 93, 94, 96, 99, 100, 101, 102, 103, 105, 106, 107, 108, 109, 117, 119, 132, 138, 145, 150, 152, 153, 162, 168, 170, 179, 188, 190, 196, 197, 216, 224, 227, 233]"
3432.5844,3432.5984,3432.6672,3432.5984,6.7378644943237305,82.8,"[3432.5864, 3432.5865, 3432.5867, 3432.5875333333333, 3432.5879, 3432.5895, 3432.589933333333, 3432.589933333333, 3432.5904333333333, 3432.5905, 3432.5905333333335, 3432.5911666666666, 3432.5915, 3432.591733333333, 3432.5918, 3432.5925333333334, 3432.592833333333, 3432.5935, 3432.593733333333, 3432.5956666666666, 3432.5958, 3432.5965333333334, 3432.597, 3432.598033333333, 3432.5981, 3432.5985, 3432.5987, 3432.5990333333334, 3432.5999666666667, 3432.6011, 3432.6012, 3432.6015333333335, 3432.6025, 3432.6036, 3432.6037666666666, 3432.6039, 3432.6040666666668, 3432.6040666666668, 3432.6041, 3432.6042666666667, 3432.6043, 3432.6046, 3432.6049666666668, 3432.6058666666668, 3432.6060666666667, 3432.607033333333, 3432.6071, 3432.6080666666667, 3432.6088666666665, 3432.609233333333, 3432.6093333333333, 3432.6096333333335, 3432.6100666666666, 3432.610166666667, 3432.610366666667, 3432.6104333333333, 3432.6107333333334, 3432.611033333333, 3432.6114666666667, 3432.6116, 3432.611733333333, 3432.6118666666666, 3432.6120666666666, 3432.6122, 3432.6125666666667, 3432.6125666666667, 3432.612633333333, 3432.612666666667, 3432.6132666666667, 3432.6141333333335, 3432.6142666666665, 3432.614633333333, 3432.6147333333333, 3432.6149666666665, 3432.6152666666667, 3432.615333333333, 3432.6154666666666, 3432.6158, 3432.6159, 3432.6160666666665, 3432.6163333333334, 3432.6167666666665, 3432.6172333333334, 3432.6206666666667, 3432.6217666666666, 3432.6219, 3432.6221333333333, 3432.6222333333335, 3432.6223666666665, 3432.622733333333, 3432.6237, 3432.6242333333334, 3432.6242666666667, 3432.6245, 3432.6253, 3432.6257, 3432.6260333333335, 3432.6262333333334, 3432.6264666666666, 3432.6266333333333, 3432.6278333333335, 3432.628, 3432.6282666666666, 3432.6292333333336, 3432.6294333333335, 3432.630633333333, 3432.6321666666668, 3432.6322666666665, 3432.6324666666665, 3432.6325333333334, 3432.632833333333, 3432.6348, 3432.6354, 3432.6354, 3432.6356, 3432.6357, 3432.639166666667, 3432.6401, 3432.6406, 3432.6406, 3432.6410666666666, 3432.6411, 3432.6413666666667, 3432.641633333333, 3432.6419666666666, 3432.643, 3432.6437666666666, 3432.6448, 3432.6450666666665, 3432.6458666666667, 3432.6462666666666, 3432.646333333333, 3432.647033333333, 3432.6473, 3432.648366666667, 3432.6484666666665, 3432.6489333333334, 3432.6493, 3432.6500333333333, 3432.6505, 3432.6509, 3432.6509333333333, 3432.6512666666667, 3432.6515, 3432.651533333333, 3432.6517, 3432.6519, 3432.6520666666665, 3432.6521, 3432.6522333333332, 3432.654, 3432.6541, 3432.6542, 3432.6545666666666, 3432.6546333333335, 3432.6550666666667, 3432.6552, 3432.6557666666668, 3432.6563, 3432.6563666666666, 3432.6573333333336, 3432.6577666666667, 3432.6581, 3432.6583, 3432.6583333333333, 3432.6583666666666, 3432.6587, 3432.6592666666666, 3432.659833333333, 3432.6600333333336, 3432.6604, 3432.6604333333335, 3432.6606, 3432.6613333333335, 3432.6615, 3432.6616, 3432.6619333333333, 3432.6624666666667, 3432.6627, 3432.6629666666668, 3432.6632666666665, 3432.6635333333334, 3432.6649, 3432.665, 3432.665033333333, 3432.6657, 3432.6659666666665]","[188, 16, 85, 60, 78, 196, 67, 11, 108, 72, 16, 55, 10, 190, 69, 85, 60, 132, 67, 67, 16, 85, 10, 188, 94, 67, 60, 152, 118, 85, 80, 16, 188, 197, 67, 196, 72, 69, 235, 41, 100, 60, 3, 173, 85, 188, 11, 67, 16, 179, 7, 196, 85, 162, 10, 100, 236, 96, 67, 16, 174, 96, 172, 80, 85, 60, 119, 94, 16, 81, 188, 67, 13, 55, 122, 195, 11, 108, 11, 106, 38, 60, 11, 67, 28, 1, 60, 85, 16, 11, 109, 197, 179, 106, 118, 152, 50, 67, 60, 85, 0, 16, 66, 94, 196, 5, 107, 145, 179, 7, 60, 69, 67, 81, 153, 117, 94, 67, 85, 16, 63, 105, 216, 60, 233, 195, 85, 94, 67, 106, 196, 145, 195, 60, 197, 168, 122, 85, 41, 5, 80, 110, 117, 190, 191, 56, 188, 67, 66, 16, 190, 191, 85, 63, 110, 179, 60, 1, 81, 191, 195, 85, 94, 0, 153, 233, 16, 119, 191, 106, 67, 41, 56, 212, 106, 11, 100, 3, 60, 85, 55, 16, 40, 110, 94, 173, 106]","[188, 16, 85, 60, 78, 196, 67, 11, 108, 72, 55, 10, 190, 69, 132, 94, 152, 118, 80, 197, 235, 41, 100, 3, 173, 179, 7, 162, 236, 96, 174, 172, 119, 81, 13, 122, 195, 106, 38, 28, 1, 109, 50, 0, 66, 5, 107, 145, 153, 117, 63, 105, 216, 233, 168, 110, 191, 56, 212, 40]","[0, 1, 3, 5, 7, 10, 11, 13, 16, 28, 38, 40, 41, 50, 55, 56, 60, 63, 66, 67, 69, 72, 78, 80, 81, 85, 94, 96, 100, 105, 106, 107, 108, 109, 110, 117, 118, 119, 122, 132, 145, 152, 153, 162, 168, 172, 173, 174, 179, 188, 190, 191, 195, 196, 197, 212, 216, 233, 235, 236]"
3432.9636,3432.9848,3432.99,3432.9848,3.02024507522583,26.4,"[3432.9637, 3432.9640666666664, 3432.965166666667, 3432.9654, 3432.9661, 3432.9661333333333, 3432.966966666667, 3432.9671333333335, 3432.9675666666667, 3432.9681, 3432.968766666667, 3432.9695333333334, 3432.9706, 3432.9708, 3432.9709666666668, 3432.9733, 3432.9738, 3432.9739, 3432.9751, 3432.9753666666666, 3432.9754, 3432.9756, 3432.976866666667, 3432.9773333333333, 3432.977533333333, 3432.9782, 3432.9783, 3432.978666666667, 3432.9789, 3432.9800333333333, 3432.980466666667, 3432.9807, 3432.9808333333335, 3432.9814333333334, 3432.9818666666665, 3432.982433333333, 3432.982466666667, 3432.982666666667, 3432.9827666666665, 3432.9829, 3432.9834666666666, 3432.983566666667, 3432.9841666666666, 3432.984466666667, 3432.9857666666667, 3432.9861, 3432.9861666666666, 3432.9879, 3432.9883666666665, 3432.9887, 3432.9895333333334, 3432.9897333333333]","[67, 174, 116, 152, 106, 14, 113, 69, 85, 67, 101, 55, 60, 16, 67, 174, 179, 7, 67, 93, 41, 5, 16, 174, 11, 63, 196, 85, 60, 67, 145, 16, 0, 38, 236, 179, 16, 10, 233, 85, 60, 174, 67, 3, 43, 72, 235, 153, 67, 132, 16, 85]","[67, 174, 116, 152, 106, 14, 113, 69, 85, 101, 55, 60, 16, 179, 7, 93, 41, 5, 11, 63, 196, 145, 0, 38, 236, 10, 233, 3, 43, 72, 235, 153, 132]","[0, 3, 5, 7, 10, 11, 14, 16, 38, 41, 43, 55, 60, 63, 67, 69, 72, 85, 93, 101, 106, 113, 116, 132, 145, 152, 153, 174, 179, 196, 233, 235, 236]"
3434.2288,3434.24,3434.2576,3434.24,7.106966495513916,28.8,"[3434.2289666666666, 3434.2292, 3434.2292666666667, 3434.2297, 3434.2298333333333, 3434.2303333333334, 3434.2303333333334, 3434.2304, 3434.230466666667, 3434.230666666667, 3434.2314, 3434.2318, 3434.2326333333335, 3434.2328666666667, 3434.233333333333, 3434.2334, 3434.2337, 3434.2339, 3434.2341333333334, 3434.2343, 3434.2351, 3434.2352666666666, 3434.235366666667, 3434.2361, 3434.236266666667, 3434.2364333333335, 3434.2365, 3434.2368666666666, 3434.2370666666666, 3434.2373333333335, 3434.2374333333332, 3434.2376, 3434.237666666667, 3434.2377666666666, 3434.2383, 3434.2383, 3434.2388333333333, 3434.238966666667, 3434.239, 3434.2390333333333, 3434.2391, 3434.2392333333332, 3434.239433333333, 3434.2395, 3434.2395666666666, 3434.2402333333334, 3434.2404666666666, 3434.2406, 3434.2408, 3434.2409, 3434.2409, 3434.2409, 3434.2413333333334, 3434.2420333333334, 3434.2420666666667, 3434.242366666667, 3434.242366666667, 3434.2424, 3434.2424666666666, 3434.2433333333333, 3434.2435, 3434.2435, 3434.2436, 3434.2437333333332, 3434.243966666667, 3434.244, 3434.2442333333333, 3434.2444, 3434.2444333333333, 3434.2444333333333, 3434.2445, 3434.2445666666667, 3434.2446, 3434.2446333333332, 3434.245733333333, 3434.2465333333334, 3434.2467, 3434.246833333333, 3434.2473333333332, 3434.247533333333, 3434.247533333333, 3434.2480333333333, 3434.2481333333335, 3434.2484, 3434.2485333333334, 3434.2488, 3434.2488333333336, 3434.2495, 3434.2496666666666, 3434.25, 3434.2512333333334, 3434.2514666666666, 3434.2516333333333, 3434.252266666667, 3434.252466666667, 3434.2535333333335, 3434.254033333333, 3434.2547, 3434.2548333333334, 3434.2562333333335, 3434.2563333333333, 3434.2568666666666]","[64, 67, 170, 70, 172, 111, 112, 60, 190, 85, 210, 67, 119, 85, 197, 40, 5, 101, 16, 60, 11, 153, 5, 235, 13, 85, 132, 64, 226, 191, 64, 52, 10, 16, 67, 14, 215, 136, 98, 1, 11, 85, 5, 63, 40, 138, 69, 41, 60, 56, 11, 67, 16, 188, 85, 119, 145, 101, 188, 13, 106, 67, 14, 85, 152, 70, 14, 196, 60, 145, 40, 16, 10, 63, 13, 85, 64, 151, 145, 60, 224, 117, 38, 1, 13, 101, 14, 63, 37, 197, 101, 44, 40, 60, 85, 14, 11, 16, 81, 85, 96, 188]","[64, 67, 170, 70, 172, 111, 112, 60, 190, 85, 210, 119, 197, 40, 5, 101, 16, 11, 153, 235, 13, 132, 226, 191, 52, 10, 14, 215, 136, 98, 1, 63, 138, 69, 41, 56, 188, 145, 106, 152, 196, 151, 224, 117, 38, 37, 44, 81, 96]","[1, 5, 10, 11, 13, 14, 16, 37, 38, 40, 41, 44, 52, 56, 60, 63, 64, 67, 69, 70, 81, 85, 96, 98, 101, 106, 111, 112, 117, 119, 132, 136, 138, 145, 151, 152, 153, 170, 172, 188, 190, 191, 196, 197, 210, 215, 224, 226, 235]"
3434.9048,3434.9156,3434.9312,3434.9156,5.270294189453125,26.4,"[3434.9048333333335, 3434.9062, 3434.9067, 3434.907133333333, 3434.9084, 3434.9088666666667, 3434.9106333333334, 3434.9107, 3434.9115666666667, 3434.9118, 3434.911866666667, 3434.9120333333335, 3434.9120333333335, 3434.9121, 3434.9121333333333, 3434.9121666666665, 3434.9122333333335, 3434.9123, 3434.912333333333, 3434.9124666666667, 3434.9125, 3434.912533333333, 3434.9126, 3434.913433333333, 3434.9138666666668, 3434.9142666666667, 3434.9167, 3434.9169, 3434.9177, 3434.917933333333, 3434.918, 3434.9184666666665, 3434.9185666666667, 3434.919066666667, 3434.9193666666665, 3434.9196333333334, 3434.9197, 3434.9198, 3434.9199, 3434.9204, 3434.9205333333334, 3434.921066666667, 3434.9214666666667, 3434.9216, 3434.9224, 3434.922433333333, 3434.9225, 3434.9231666666665, 3434.9240666666665, 3434.9243, 3434.9243, 3434.9243333333334, 3434.9248, 3434.9257, 3434.9257, 3434.9259666666667, 3434.9261666666666, 3434.9265, 3434.9266333333335, 3434.9272666666666, 3434.928266666667, 3434.9288, 3434.9292, 3434.9301333333333, 3434.9304333333334, 3434.9305, 3434.930733333333, 3434.9308333333333, 3434.931, 3434.9311333333335]","[107, 67, 1, 60, 236, 85, 191, 67, 16, 63, 3, 85, 96, 67, 119, 11, 80, 60, 40, 101, 81, 174, 233, 38, 102, 94, 67, 190, 13, 60, 63, 216, 3, 85, 101, 13, 16, 212, 80, 109, 67, 195, 81, 191, 60, 172, 64, 94, 196, 191, 10, 16, 174, 101, 85, 67, 60, 60, 40, 170, 172, 85, 190, 69, 16, 132, 67, 196, 70, 60]","[107, 67, 1, 60, 236, 85, 191, 16, 63, 3, 96, 119, 11, 80, 40, 101, 81, 174, 233, 38, 102, 94, 190, 13, 216, 212, 109, 195, 172, 64, 196, 10, 170, 69, 132, 70]","[1, 3, 10, 11, 13, 16, 38, 40, 60, 63, 64, 67, 69, 70, 80, 81, 85, 94, 96, 101, 102, 107, 109, 119, 132, 170, 172, 174, 190, 191, 195, 196, 212, 216, 233, 236]"
3435.1968,3435.2152,3435.22,3435.2152,3.036244630813598,23.2,"[3435.197866666667, 3435.198033333333, 3435.1982, 3435.1986333333334, 3435.1988666666666, 3435.1991666666668, 3435.2001666666665, 3435.2033333333334, 3435.203666666667, 3435.2042, 3435.2047666666667, 3435.205033333333, 3435.205033333333, 3435.205266666667, 3435.2067333333334, 3435.207, 3435.207033333333, 3435.2079, 3435.209066666667, 3435.209066666667, 3435.2092333333335, 3435.2093333333332, 3435.2097, 3435.2105, 3435.2119333333335, 3435.2127666666665, 3435.213366666667, 3435.2134666666666, 3435.2146, 3435.2147333333332, 3435.2154333333333, 3435.2165, 3435.2174333333332, 3435.2187, 3435.2188333333334, 3435.2195, 3435.2197666666666]","[109, 85, 109, 60, 16, 64, 10, 85, 67, 64, 116, 16, 63, 41, 153, 14, 10, 96, 179, 230, 60, 85, 81, 11, 67, 14, 85, 16, 117, 197, 14, 222, 226, 85, 101, 179, 55]","[109, 85, 60, 16, 64, 10, 67, 116, 63, 41, 153, 14, 96, 179, 230, 81, 11, 117, 197, 222, 226, 101, 55]","[10, 11, 14, 16, 41, 55, 60, 63, 64, 67, 81, 85, 96, 101, 109, 116, 117, 153, 179, 197, 222, 226, 230]"
3435.5904,3435.6056,3435.6244,3435.6056,6.73803186416626,34.0,"[3435.5904666666665, 3435.5905333333335, 3435.5912333333335, 3435.591966666667, 3435.5923333333335, 3435.5924, 3435.5925, 3435.5926666666664, 3435.5927333333334, 3435.5931666666665, 3435.5936, 3435.5939, 3435.5941333333335, 3435.5941666666668, 3435.5951, 3435.595333333333, 3435.5954, 3435.5956666666666, 3435.5958333333333, 3435.5960666666665, 3435.5965333333334, 3435.5969333333333, 3435.597, 3435.5981, 3435.5983, 3435.5983666666666, 3435.5985666666666, 3435.5991, 3435.5996666666665, 3435.600033333333, 3435.600266666667, 3435.6003333333333, 3435.601, 3435.6014, 3435.6034, 3435.6037666666666, 3435.6049666666668, 3435.6050666666665, 3435.605233333333, 3435.605666666667, 3435.6059333333333, 3435.6064333333334, 3435.6068, 3435.6068333333333, 3435.6085333333335, 3435.609066666667, 3435.609233333333, 3435.610133333333, 3435.610633333333, 3435.6111333333333, 3435.6111666666666, 3435.6113, 3435.6117, 3435.6123666666667, 3435.6123666666667, 3435.613, 3435.6133333333332, 3435.6135, 3435.6139333333335, 3435.6144, 3435.6148, 3435.6149, 3435.6150666666667, 3435.6152333333334, 3435.6157333333335, 3435.6157333333335, 3435.616266666667, 3435.6167333333333, 3435.617333333333, 3435.617366666667, 3435.6174333333333, 3435.6178333333332, 3435.6179666666667, 3435.6183666666666, 3435.6198666666664, 3435.6198666666664, 3435.6199, 3435.621, 3435.6212, 3435.6222666666667, 3435.622766666667, 3435.6233333333334, 3435.6238333333336]","[16, 92, 218, 233, 41, 69, 196, 179, 7, 52, 5, 55, 52, 40, 16, 85, 170, 67, 69, 152, 60, 179, 7, 166, 13, 1, 56, 41, 40, 67, 85, 13, 174, 60, 106, 145, 85, 39, 67, 11, 81, 63, 60, 37, 16, 145, 85, 179, 38, 13, 67, 196, 39, 16, 98, 119, 60, 85, 3, 92, 94, 96, 132, 50, 67, 66, 0, 60, 50, 190, 13, 16, 41, 122, 179, 101, 7, 13, 63, 41, 60, 85, 174]","[16, 92, 218, 233, 41, 69, 196, 179, 7, 52, 5, 55, 40, 85, 170, 67, 152, 60, 166, 13, 1, 56, 174, 106, 145, 39, 11, 81, 63, 37, 38, 98, 119, 3, 94, 96, 132, 50, 66, 0, 190, 122, 101]","[0, 1, 3, 5, 7, 11, 13, 16, 37, 38, 39, 40, 41, 50, 52, 55, 56, 60, 63, 66, 67, 69, 81, 85, 92, 94, 96, 98, 101, 106, 119, 122, 132, 145, 152, 166, 170, 174, 179, 190, 196, 218, 233]"
3435.8968,3435.91,3435.9272,3435.91,5.4771246910095215,30.4,"[3435.8975, 3435.8977333333332, 3435.898833333333, 3435.898866666667, 3435.8991, 3435.8992, 3435.8993666666665, 3435.8994, 3435.8994, 3435.8995, 3435.8995666666665, 3435.8996666666667, 3435.8996666666667, 3435.8998333333334, 3435.8998666666666, 3435.899933333333, 3435.9001, 3435.900633333333, 3435.9011, 3435.9013, 3435.9022666666665, 3435.9024, 3435.9038, 3435.904433333333, 3435.904466666667, 3435.9046, 3435.9052333333334, 3435.9056, 3435.9057, 3435.9058333333332, 3435.906033333333, 3435.9061333333334, 3435.9061333333334, 3435.9062, 3435.9063, 3435.9064, 3435.906466666667, 3435.9065333333333, 3435.907166666667, 3435.9072333333334, 3435.9081, 3435.9084333333335, 3435.9085666666665, 3435.909166666667, 3435.909633333333, 3435.9098, 3435.9101666666666, 3435.9109, 3435.9110333333333, 3435.9111, 3435.9111333333335, 3435.9119, 3435.912733333333, 3435.9129, 3435.9133, 3435.913633333333, 3435.9137666666666, 3435.9141, 3435.9143, 3435.9144333333334, 3435.9147, 3435.9154, 3435.915933333333, 3435.9173666666666, 3435.919933333333, 3435.919933333333, 3435.921533333333, 3435.9217, 3435.921766666667, 3435.9226, 3435.923, 3435.9230333333335, 3435.9239333333335, 3435.9239333333335]","[64, 101, 13, 191, 11, 60, 117, 85, 16, 80, 232, 145, 100, 41, 63, 67, 153, 65, 196, 11, 64, 93, 216, 112, 111, 101, 85, 191, 11, 0, 40, 93, 107, 16, 5, 197, 67, 196, 60, 153, 92, 16, 191, 94, 85, 69, 64, 72, 1, 102, 14, 101, 5, 60, 102, 16, 52, 67, 174, 233, 191, 170, 11, 191, 85, 3, 16, 64, 63, 106, 81, 11, 188, 1]","[64, 101, 13, 191, 11, 60, 117, 85, 16, 80, 232, 145, 100, 41, 63, 67, 153, 65, 196, 93, 216, 112, 111, 0, 40, 107, 5, 197, 92, 94, 69, 72, 1, 102, 14, 52, 174, 233, 170, 3, 106, 81, 188]","[0, 1, 3, 5, 11, 13, 14, 16, 40, 41, 52, 60, 63, 64, 65, 67, 69, 72, 80, 81, 85, 92, 93, 94, 100, 101, 102, 106, 107, 111, 112, 117, 145, 153, 170, 174, 188, 191, 196, 197, 216, 232, 233]"
3436.5084,3436.5412,3436.5504,3436.5412,5.751420974731445,42.0,"[3436.5090666666665, 3436.5092, 3436.509666666667, 3436.5098666666668, 3436.510566666667, 3436.511, 3436.5111333333334, 3436.5113666666666, 3436.5125, 3436.5125666666668, 3436.5128666666665, 3436.5133, 3436.5134, 3436.5138, 3436.514166666667, 3436.5144333333333, 3436.5144333333333, 3436.515066666667, 3436.5156, 3436.517066666667, 3436.5174666666667, 3436.5175, 3436.5176, 3436.518433333333, 3436.5185, 3436.518866666667, 3436.5192333333334, 3436.5192666666667, 3436.519333333333, 3436.5209666666665, 3436.521366666667, 3436.5216, 3436.5217, 3436.5217333333335, 3436.5218, 3436.5222, 3436.5223666666666, 3436.522466666667, 3436.5226333333335, 3436.5235666666667, 3436.5236333333332, 3436.5236333333332, 3436.524033333333, 3436.524033333333, 3436.5252666666665, 3436.525866666667, 3436.5259666666666, 3436.5263666666665, 3436.5270666666665, 3436.527866666667, 3436.5279333333333, 3436.528, 3436.5280333333335, 3436.5282, 3436.5283666666664, 3436.528566666667, 3436.5286666666666, 3436.5288333333333, 3436.529, 3436.5291333333334, 3436.5292666666664, 3436.5293666666666, 3436.5297666666665, 3436.5298, 3436.530566666667, 3436.5311333333334, 3436.533733333333, 3436.5342333333333, 3436.5344, 3436.5348, 3436.5351333333333, 3436.5353333333333, 3436.5360333333333, 3436.5378666666666, 3436.5379333333335, 3436.5385333333334, 3436.5409666666665, 3436.541333333333, 3436.542266666667, 3436.5423, 3436.544066666667, 3436.5471333333335, 3436.5473333333334, 3436.547433333333, 3436.5490666666665, 3436.5490666666665, 3436.5501]","[16, 3, 66, 63, 67, 119, 93, 1, 81, 60, 85, 67, 16, 233, 3, 94, 188, 5, 188, 67, 16, 118, 11, 41, 5, 236, 85, 60, 96, 67, 102, 38, 179, 1, 7, 188, 16, 11, 14, 85, 13, 81, 94, 106, 67, 60, 100, 16, 85, 179, 7, 72, 235, 63, 86, 102, 66, 39, 113, 55, 145, 67, 85, 16, 109, 55, 11, 85, 106, 3, 67, 60, 39, 67, 16, 166, 16, 63, 107, 60, 67, 85, 101, 64, 235, 72, 67]","[16, 3, 66, 63, 67, 119, 93, 1, 81, 60, 85, 233, 94, 188, 5, 118, 11, 41, 236, 96, 102, 38, 179, 7, 14, 13, 106, 100, 72, 235, 86, 39, 113, 55, 145, 109, 166, 107, 101, 64]","[1, 3, 5, 7, 11, 13, 14, 16, 38, 39, 41, 55, 60, 63, 64, 66, 67, 72, 81, 85, 86, 93, 94, 96, 100, 101, 102, 106, 107, 109, 113, 118, 119, 145, 166, 179, 188, 233, 235, 236]"
3437.2988,3437.3016,3437.3188,3437.3016,2.5463972091674805,20.0,"[3437.2989, 3437.299033333333, 3437.299033333333, 3437.299233333333, 3437.3001, 3437.300366666667, 3437.3008666666665, 3437.301233333333, 3437.3017333333332, 3437.3017333333332, 3437.3022, 3437.3025666666667, 3437.3028, 3437.3034666666667, 3437.3036, 3437.303933333333, 3437.3041, 3437.3043, 3437.3052333333335, 3437.3054333333334, 3437.3057, 3437.3065333333334, 3437.3073, 3437.307333333333, 3437.308433333333, 3437.3087, 3437.3099333333334, 3437.3099666666667, 3437.310033333333, 3437.3103, 3437.3103, 3437.3106, 3437.3108333333334, 3437.3110666666666, 3437.3113, 3437.3113333333336, 3437.3117333333334, 3437.3121, 3437.3121666666666, 3437.3124333333335, 3437.3127666666664, 3437.3128, 3437.3132, 3437.3143333333333, 3437.3145666666665, 3437.3148333333334, 3437.3157333333334, 3437.3161666666665, 3437.3164, 3437.3169, 3437.3171333333335, 3437.3173666666667, 3437.3175666666666, 3437.318]","[67, 85, 100, 39, 132, 98, 3, 107, 3, 107, 16, 119, 60, 67, 85, 57, 39, 103, 226, 196, 10, 64, 41, 96, 60, 237, 85, 39, 57, 64, 54, 13, 67, 14, 188, 152, 16, 85, 237, 153, 113, 162, 60, 55, 98, 39, 13, 85, 67, 5, 5, 196, 100, 119]","[67, 85, 100, 39, 132, 98, 3, 107, 16, 119, 60, 57, 103, 226, 196, 10, 64, 41, 96, 237, 54, 13, 14, 188, 152, 153, 113, 162, 55, 5]","[3, 5, 10, 13, 14, 16, 39, 41, 54, 55, 57, 60, 64, 67, 85, 96, 98, 100, 103, 107, 113, 119, 132, 152, 153, 162, 188, 196, 226, 237]"
3439.7564,3439.7624,3439.794,3439.7624,3.2648987770080566,37.6,"[3439.7566333333334, 3439.7573, 3439.7576, 3439.7577666666666, 3439.7579666666666, 3439.7582666666667, 3439.7585, 3439.7606666666666, 3439.7623, 3439.7627, 3439.7633666666666, 3439.7636666666667, 3439.763733333333, 3439.765533333333, 3439.7673666666665, 3439.7674, 3439.7676333333334, 3439.7681666666667, 3439.7691, 3439.7692, 3439.769533333333, 3439.7698333333333, 3439.7698333333333, 3439.7703333333334, 3439.770433333333, 3439.7708, 3439.7716666666665, 3439.7724, 3439.7727, 3439.7732666666666, 3439.773366666667, 3439.7734333333333, 3439.7735666666667, 3439.7736666666665, 3439.7737333333334, 3439.7741, 3439.7743, 3439.7743666666665, 3439.7746666666667, 3439.774733333333, 3439.7748, 3439.7748333333334, 3439.7762, 3439.7763666666665, 3439.7764666666667, 3439.7766666666666, 3439.7767, 3439.7767, 3439.7768333333333, 3439.777666666667, 3439.7778, 3439.7785, 3439.7787, 3439.7787333333335, 3439.778766666667, 3439.7789, 3439.7794, 3439.7797666666665, 3439.7797666666665, 3439.7802333333334, 3439.7808, 3439.7808666666665, 3439.7809, 3439.7811666666666, 3439.7814333333336, 3439.7816666666668, 3439.7821, 3439.7831666666666, 3439.7831666666666, 3439.7832333333336, 3439.7833, 3439.7833, 3439.7833333333333, 3439.7835, 3439.7835666666665, 3439.7842, 3439.7845, 3439.7847666666667, 3439.7847666666667, 3439.785, 3439.7862333333333, 3439.7867, 3439.786833333333, 3439.7873666666665, 3439.7874, 3439.787533333333, 3439.7879333333335, 3439.788433333333, 3439.788433333333, 3439.7885333333334, 3439.7898333333333, 3439.7901333333334, 3439.7911, 3439.7914, 3439.7934, 3439.793833333333]","[3, 96, 232, 63, 10, 107, 85, 16, 152, 69, 60, 67, 63, 11, 93, 5, 101, 106, 67, 16, 85, 111, 112, 196, 113, 11, 67, 93, 60, 151, 96, 0, 81, 138, 113, 118, 16, 216, 11, 55, 63, 196, 108, 13, 67, 112, 111, 107, 94, 10, 107, 132, 85, 197, 108, 224, 64, 11, 233, 3, 132, 80, 117, 145, 57, 101, 10, 111, 112, 210, 119, 81, 197, 67, 166, 60, 85, 16, 93, 94, 10, 166, 188, 3, 197, 57, 11, 3, 101, 63, 67, 60, 140, 118, 119, 67]","[3, 96, 232, 63, 10, 107, 85, 16, 152, 69, 60, 67, 11, 93, 5, 101, 106, 111, 112, 196, 113, 151, 0, 81, 138, 118, 216, 55, 108, 13, 94, 132, 197, 224, 64, 233, 80, 117, 145, 57, 210, 119, 166, 188, 140]","[0, 3, 5, 10, 11, 13, 16, 55, 57, 60, 63, 64, 67, 69, 80, 81, 85, 93, 94, 96, 101, 106, 107, 108, 111, 112, 113, 117, 118, 119, 132, 138, 140, 145, 151, 152, 166, 188, 196, 197, 210, 216, 224, 232, 233]"
3439.9704,3439.9784,3440.0076,3439.9784,5.346725463867188,37.2,"[3439.9717666666666, 3439.9719333333333, 3439.9725, 3439.975066666667, 3439.9753666666666, 3439.9763666666668, 3439.9764666666665, 3439.9766666666665, 3439.9767666666667, 3439.9771333333333, 3439.9799, 3439.9808333333335, 3439.9812333333334, 3439.982, 3439.9830666666667, 3439.9837333333335, 3439.9839, 3439.9859333333334, 3439.9861666666666, 3439.9866, 3439.9868666666666, 3439.9873666666667, 3439.987833333333, 3439.9879666666666, 3439.988, 3439.9880333333335, 3439.9895666666666, 3439.9903, 3439.9908333333333, 3439.9910333333332, 3439.991433333333, 3439.991666666667, 3439.991666666667, 3439.9918333333335, 3439.9919, 3439.9920333333334, 3439.992133333333, 3439.9924, 3439.9929, 3439.993033333333, 3439.993933333333, 3439.9947, 3439.9960666666666, 3439.9982666666665, 3440.0002, 3440.0007, 3440.001566666667, 3440.0050333333334, 3440.0051, 3440.0054333333333, 3440.0059333333334, 3440.0063666666665, 3440.0068, 3440.0071666666668]","[11, 60, 85, 67, 3, 63, 16, 69, 52, 60, 113, 119, 85, 67, 40, 16, 10, 119, 67, 85, 0, 16, 218, 107, 60, 92, 226, 94, 52, 67, 55, 16, 223, 37, 179, 63, 107, 119, 1, 85, 152, 16, 60, 226, 54, 69, 16, 173, 85, 5, 63, 196, 5, 39]","[11, 60, 85, 67, 3, 63, 16, 69, 52, 113, 119, 40, 10, 0, 218, 107, 92, 226, 94, 55, 223, 37, 179, 1, 152, 54, 173, 5, 196, 39]","[0, 1, 3, 5, 10, 11, 16, 37, 39, 40, 52, 54, 55, 60, 63, 67, 69, 85, 92, 94, 107, 113, 119, 152, 173, 179, 196, 218, 223, 226]"
3440.8784,3440.8876,3440.8992,3440.8876,4.033973693847656,20.8,"[3440.8788, 3440.8788666666665, 3440.8791666666666, 3440.8794666666668, 3440.8800666666666, 3440.881, 3440.8811, 3440.8812666666668, 3440.8814, 3440.8818666666666, 3440.8822333333333, 3440.8823, 3440.8830333333335, 3440.8834666666667, 3440.8839666666668, 3440.8841666666667, 3440.8842, 3440.8850333333335, 3440.8851, 3440.8858, 3440.8859666666667, 3440.8863333333334, 3440.886466666667, 3440.887, 3440.8872333333334, 3440.888233333333, 3440.8885, 3440.8887666666665, 3440.8891, 3440.8892666666666, 3440.8901333333333, 3440.8903666666665, 3440.891, 3440.891, 3440.8913666666667, 3440.891433333333, 3440.891433333333, 3440.8917666666666, 3440.8921, 3440.8921333333333, 3440.893, 3440.8932666666665, 3440.8934, 3440.8935666666666, 3440.895, 3440.896166666667, 3440.896166666667, 3440.896566666667, 3440.8971, 3440.8972, 3440.8981, 3440.8984]","[3, 190, 188, 204, 196, 119, 60, 94, 93, 85, 67, 233, 188, 13, 0, 188, 16, 55, 41, 67, 10, 94, 102, 172, 233, 43, 85, 188, 16, 60, 236, 13, 41, 37, 55, 5, 118, 100, 55, 170, 152, 3, 67, 16, 94, 188, 60, 16, 11, 196, 85, 16]","[3, 190, 188, 204, 196, 119, 60, 94, 93, 85, 67, 233, 13, 0, 16, 55, 41, 10, 102, 172, 43, 236, 37, 5, 118, 100, 170, 152, 11]","[0, 3, 5, 10, 11, 13, 16, 37, 41, 43, 55, 60, 67, 85, 93, 94, 100, 102, 118, 119, 152, 170, 172, 188, 190, 196, 204, 233, 236]"
3442.2756,3442.2844,3442.2984,3442.2844,4.065428733825684,22.8,"[3442.2762666666667, 3442.2764333333334, 3442.2765666666664, 3442.276966666667, 3442.2771333333335, 3442.2775, 3442.2779666666665, 3442.280566666667, 3442.2824666666666, 3442.2826, 3442.2831, 3442.2840333333334, 3442.2846666666665, 3442.2849666666666, 3442.2862666666665, 3442.2866, 3442.2866, 3442.2872666666667, 3442.2876, 3442.2883666666667, 3442.2890666666667, 3442.289366666667, 3442.2899333333335, 3442.2903333333334, 3442.290466666667, 3442.2909666666665, 3442.291833333333, 3442.2921, 3442.2932333333333, 3442.2935333333335, 3442.2936, 3442.2936, 3442.2939333333334, 3442.2955333333334, 3442.2956, 3442.295633333333, 3442.2962333333335, 3442.2962333333335, 3442.2970666666665, 3442.297233333333]","[191, 60, 119, 67, 151, 0, 153, 67, 60, 85, 81, 16, 3, 93, 85, 67, 190, 57, 226, 195, 173, 60, 85, 216, 67, 109, 81, 39, 80, 117, 85, 16, 109, 179, 60, 63, 236, 67, 226, 16]","[191, 60, 119, 67, 151, 0, 153, 85, 81, 16, 3, 93, 190, 57, 226, 195, 173, 216, 109, 39, 80, 117, 179, 63, 236]","[0, 3, 16, 39, 57, 60, 63, 67, 80, 81, 85, 93, 109, 117, 119, 151, 153, 173, 179, 190, 191, 195, 216, 226, 236]"
3442.438,3442.4512,3442.4584,3442.4512,3.7417073249816895,20.4,"[3442.4385, 3442.4386666666664, 3442.4387333333334, 3442.4394333333335, 3442.44, 3442.4400333333333, 3442.4401333333335, 3442.4407666666666, 3442.4408333333336, 3442.4409, 3442.4410333333335, 3442.4414666666667, 3442.4423333333334, 3442.4432, 3442.4434, 3442.4437333333335, 3442.4446333333335, 3442.4449666666665, 3442.4450333333334, 3442.4451, 3442.445166666667, 3442.4452, 3442.4457, 3442.446933333333, 3442.4474, 3442.4475, 3442.4475, 3442.4485, 3442.449, 3442.4495333333334, 3442.4499, 3442.4501666666665, 3442.4503666666665, 3442.4504, 3442.450566666667, 3442.4506666666666, 3442.450966666667, 3442.4520666666667, 3442.4539, 3442.454566666667, 3442.4546333333333, 3442.4547666666667, 3442.4562333333333, 3442.4564666666665, 3442.4565333333335, 3442.4566333333332, 3442.4566666666665, 3442.4566666666665, 3442.457, 3442.457033333333, 3442.457066666667, 3442.4573333333333, 3442.4578333333334]","[85, 69, 196, 98, 5, 222, 39, 16, 145, 60, 85, 67, 106, 3, 56, 101, 70, 222, 196, 215, 67, 188, 60, 117, 85, 237, 64, 50, 113, 216, 60, 107, 0, 196, 67, 70, 5, 67, 85, 222, 16, 145, 67, 55, 0, 85, 237, 108, 106, 60, 39, 16, 132]","[85, 69, 196, 98, 5, 222, 39, 16, 145, 60, 67, 106, 3, 56, 101, 70, 215, 188, 117, 237, 64, 50, 113, 216, 107, 0, 55, 108, 132]","[0, 3, 5, 16, 39, 50, 55, 56, 60, 64, 67, 69, 70, 85, 98, 101, 106, 107, 108, 113, 117, 132, 145, 188, 196, 215, 216, 222, 237]"
3443.1076,3443.1144,3443.1292,3443.1144,3.590909242630005,21.6,"[3443.108, 3443.1106, 3443.1136333333334, 3443.1136666666666, 3443.113966666667, 3443.1142333333332, 3443.1143666666667, 3443.1149333333333, 3443.1154, 3443.1155, 3443.1155, 3443.1157333333335, 3443.116, 3443.1163333333334, 3443.1166333333335, 3443.1185, 3443.1186666666667, 3443.1188666666667, 3443.118966666667, 3443.1217666666666, 3443.1219333333333, 3443.1239666666665, 3443.1244333333334, 3443.1252, 3443.1262666666667, 3443.1264666666666, 3443.1266666666666]","[60, 85, 85, 67, 101, 60, 132, 16, 107, 94, 70, 5, 196, 179, 37, 110, 60, 85, 14, 85, 67, 166, 63, 60, 14, 196, 85]","[60, 85, 67, 101, 132, 16, 107, 94, 70, 5, 196, 179, 37, 110, 14, 166, 63]","[5, 14, 16, 37, 60, 63, 67, 70, 85, 94, 101, 107, 110, 132, 166, 179, 196]"
3444.8312,3444.8612,3444.8912,3444.8612,5.426051139831543,60.0,"[3444.8312, 3444.8312333333333, 3444.8323666666665, 3444.8325, 3444.8326333333334, 3444.8331333333335, 3444.8339333333333, 3444.8342, 3444.8347, 3444.834733333333, 3444.8349333333335, 3444.8355, 3444.835666666667, 3444.8359, 3444.836, 3444.8364666666666, 3444.8366333333333, 3444.836766666667, 3444.8368, 3444.8369, 3444.8373, 3444.8373666666666, 3444.8379333333332, 3444.8382333333334, 3444.838333333333, 3444.8394333333335, 3444.840833333333, 3444.841033333333, 3444.8414, 3444.8415666666665, 3444.8415666666665, 3444.8418333333334, 3444.8420333333333, 3444.842166666667, 3444.8426, 3444.8435, 3444.8437, 3444.8439333333336, 3444.8440333333333, 3444.8445666666667, 3444.8461, 3444.846233333333, 3444.8463, 3444.8466333333336, 3444.8471, 3444.8472333333334, 3444.8474333333334, 3444.848, 3444.8482, 3444.8483666666666, 3444.8484, 3444.8486, 3444.8486666666668, 3444.8487333333333, 3444.849166666667, 3444.8492666666666, 3444.8492666666666, 3444.8495666666668, 3444.8497333333335, 3444.8498, 3444.850066666667, 3444.8505, 3444.8508, 3444.850966666667, 3444.8512666666666, 3444.8519333333334, 3444.8526, 3444.8538, 3444.8539333333333, 3444.8549333333335, 3444.8552, 3444.855666666667, 3444.8558, 3444.8559333333333, 3444.8559666666665, 3444.8562, 3444.8564333333334, 3444.856566666667, 3444.8574, 3444.858166666667, 3444.8582666666666, 3444.8587, 3444.8588666666665, 3444.859733333333, 3444.8598333333334, 3444.859966666667, 3444.859966666667, 3444.8605333333335, 3444.860633333333, 3444.861066666667, 3444.8611666666666, 3444.8616666666667, 3444.8618, 3444.8633333333332, 3444.8637, 3444.8643333333334, 3444.8656666666666, 3444.8658, 3444.8660333333332, 3444.8663, 3444.8664, 3444.8669333333332, 3444.8674666666666, 3444.8676666666665, 3444.8681333333334, 3444.868933333333, 3444.8691, 3444.8692333333333, 3444.8711333333335, 3444.8714, 3444.8722666666667, 3444.8731333333335, 3444.8733666666667, 3444.8743, 3444.876133333333, 3444.8762333333334, 3444.8778666666667, 3444.8785333333335, 3444.8798, 3444.8804666666665, 3444.8821, 3444.8836666666666, 3444.8838666666666, 3444.8848666666668, 3444.8848666666668, 3444.8861, 3444.8893333333335, 3444.8906666666667]","[16, 67, 55, 132, 40, 108, 67, 106, 188, 224, 222, 81, 11, 107, 40, 41, 60, 85, 93, 16, 119, 67, 5, 151, 11, 60, 11, 102, 5, 188, 107, 101, 188, 235, 67, 196, 16, 188, 85, 151, 67, 117, 13, 57, 16, 145, 93, 196, 66, 101, 85, 162, 153, 106, 233, 40, 0, 67, 13, 102, 224, 60, 5, 107, 11, 13, 39, 96, 117, 16, 70, 11, 67, 85, 60, 40, 151, 69, 196, 101, 41, 37, 94, 10, 222, 63, 101, 67, 188, 196, 102, 11, 123, 85, 60, 67, 5, 101, 188, 86, 193, 117, 13, 222, 11, 16, 60, 153, 101, 11, 85, 94, 16, 64, 63, 222, 60, 13, 64, 67, 11, 60, 64, 16, 69, 85, 64, 16]","[16, 67, 55, 132, 40, 108, 106, 188, 224, 222, 81, 11, 107, 41, 60, 85, 93, 119, 5, 151, 102, 101, 235, 196, 117, 13, 57, 145, 66, 162, 153, 233, 0, 39, 96, 70, 69, 37, 94, 10, 63, 123, 86, 193, 64]","[0, 5, 10, 11, 13, 16, 37, 39, 40, 41, 55, 57, 60, 63, 64, 66, 67, 69, 70, 81, 85, 86, 93, 94, 96, 101, 102, 106, 107, 108, 117, 119, 123, 132, 145, 151, 153, 162, 188, 193, 196, 222, 224, 233, 235]"
3445.7332,3445.7728,3445.784,3445.7728,7.213356018066406,50.8,"[3445.7332666666666, 3445.7333, 3445.733333333333, 3445.7334666666666, 3445.733566666667, 3445.7344333333335, 3445.7345, 3445.7349, 3445.735166666667, 3445.7354333333333, 3445.7357666666667, 3445.7366, 3445.7379666666666, 3445.7383, 3445.7383333333332, 3445.7386333333334, 3445.7390666666665, 3445.7390666666665, 3445.7398333333335, 3445.7401333333332, 3445.7402333333334, 3445.7410333333332, 3445.741266666667, 3445.7415333333333, 3445.7421, 3445.7425, 3445.7427333333335, 3445.743, 3445.743, 3445.7434, 3445.7434, 3445.7434333333335, 3445.7437, 3445.745266666667, 3445.745266666667, 3445.7454333333335, 3445.745933333333, 3445.7461, 3445.7466, 3445.7469666666666, 3445.7472333333335, 3445.7477, 3445.747966666667, 3445.7480333333333, 3445.7480333333333, 3445.7493, 3445.7499, 3445.7499666666668, 3445.7502, 3445.7502666666664, 3445.750466666667, 3445.7505, 3445.7508333333335, 3445.7508333333335, 3445.7508333333335, 3445.7510333333335, 3445.7511, 3445.7519333333335, 3445.7522, 3445.7525333333333, 3445.7526333333335, 3445.7528333333335, 3445.7529, 3445.7531, 3445.7534, 3445.7537, 3445.7539, 3445.7539333333334, 3445.7542, 3445.7543, 3445.7545, 3445.7550333333334, 3445.7555, 3445.7563666666665, 3445.7571333333335, 3445.7572333333333, 3445.7573333333335, 3445.7574666666665, 3445.7575333333334, 3445.758, 3445.758566666667, 3445.7588333333333, 3445.7589, 3445.7590333333333, 3445.7590666666665, 3445.7592666666665, 3445.7595, 3445.7595666666666, 3445.759666666667, 3445.7600333333335, 3445.7601666666665, 3445.7602333333334, 3445.760333333333, 3445.7606, 3445.7610666666665, 3445.7613, 3445.761466666667, 3445.7615, 3445.7615, 3445.7615333333333, 3445.7618333333335, 3445.761933333333, 3445.7626666666665, 3445.7628, 3445.7631, 3445.7633333333333, 3445.7633333333333, 3445.7637, 3445.763933333333, 3445.7640333333334, 3445.7641, 3445.7651, 3445.7655666666665, 3445.7658, 3445.7662666666665, 3445.7662666666665, 3445.7665666666667, 3445.7667333333334, 3445.767066666667, 3445.7673, 3445.7673, 3445.7674, 3445.7675, 3445.7679, 3445.767966666667, 3445.7680333333333, 3445.7685666666666, 3445.7688333333335, 3445.7691333333332, 3445.769333333333, 3445.7700333333332, 3445.7701, 3445.7701333333334, 3445.7702, 3445.770266666667, 3445.7703666666666, 3445.7703666666666, 3445.7703666666666, 3445.770466666667, 3445.770666666667, 3445.771566666667, 3445.7719666666667, 3445.772066666667, 3445.772233333333, 3445.772233333333, 3445.7724333333335, 3445.7725, 3445.7725666666665, 3445.7728, 3445.773, 3445.773166666667, 3445.7732333333333, 3445.773366666667, 3445.7734333333333, 3445.7743666666665, 3445.7747, 3445.7747, 3445.7758, 3445.7766333333334, 3445.7772333333332, 3445.7774666666664, 3445.777633333333, 3445.7778333333335, 3445.777866666667, 3445.7779666666665, 3445.7781333333332, 3445.7783, 3445.7784, 3445.7791666666667, 3445.7797666666665, 3445.7799666666665, 3445.781, 3445.781233333333, 3445.781266666667, 3445.7813666666666, 3445.7818333333335, 3445.782, 3445.7831, 3445.7833, 3445.7837666666665]","[0, 136, 16, 3, 98, 64, 67, 233, 237, 14, 5, 117, 63, 13, 85, 60, 14, 41, 67, 102, 132, 0, 237, 85, 119, 67, 96, 113, 81, 1, 196, 60, 14, 16, 56, 152, 67, 3, 85, 107, 64, 5, 60, 145, 40, 102, 85, 38, 236, 16, 11, 103, 67, 14, 3, 52, 102, 13, 81, 64, 153, 3, 63, 41, 98, 56, 13, 67, 37, 85, 236, 16, 5, 215, 60, 67, 57, 5, 185, 63, 16, 85, 236, 13, 151, 236, 39, 150, 197, 122, 145, 60, 3, 41, 16, 85, 100, 57, 0, 67, 93, 132, 63, 236, 67, 85, 16, 196, 117, 81, 100, 107, 57, 14, 3, 11, 11, 13, 106, 103, 63, 56, 196, 67, 236, 85, 102, 60, 96, 16, 113, 67, 162, 204, 92, 100, 96, 185, 236, 150, 57, 63, 60, 39, 11, 67, 19, 81, 54, 236, 188, 16, 153, 196, 105, 85, 223, 98, 67, 236, 5, 13, 3, 63, 37, 16, 85, 57, 54, 70, 13, 16, 60, 67, 1, 119, 85, 198, 63, 16]","[0, 136, 16, 3, 98, 64, 67, 233, 237, 14, 5, 117, 63, 13, 85, 60, 41, 102, 132, 119, 96, 113, 81, 1, 196, 56, 152, 107, 145, 40, 38, 236, 11, 103, 52, 153, 37, 215, 57, 185, 151, 39, 150, 197, 122, 100, 93, 106, 162, 204, 92, 19, 54, 188, 105, 223, 70, 198]","[0, 1, 3, 5, 11, 13, 14, 16, 19, 37, 38, 39, 40, 41, 52, 54, 56, 57, 60, 63, 64, 67, 70, 81, 85, 92, 93, 96, 98, 100, 102, 103, 105, 106, 107, 113, 117, 119, 122, 132, 136, 145, 150, 151, 152, 153, 162, 185, 188, 196, 197, 198, 204, 215, 223, 233, 236, 237]"
3451.3148,3451.3216,3451.3348,3451.3216,5.124759197235107,20.0,"[3451.3149333333336, 3451.3150333333333, 3451.3155, 3451.3155333333334, 3451.315666666667, 3451.3158, 3451.3164, 3451.3164666666667, 3451.3165, 3451.316533333333, 3451.3166333333334, 3451.3171, 3451.317466666667, 3451.3176, 3451.3178, 3451.3179666666665, 3451.3191333333334, 3451.3194, 3451.319433333333, 3451.3195, 3451.3195333333333, 3451.3197, 3451.3198, 3451.3198666666667, 3451.3199, 3451.319933333333, 3451.320333333333, 3451.3205666666668, 3451.3208, 3451.3213666666666, 3451.3214, 3451.3215666666665, 3451.3217666666665, 3451.321933333333, 3451.322833333333, 3451.3232333333335, 3451.3240333333333, 3451.3242333333333, 3451.3250666666668, 3451.3251666666665, 3451.325733333333, 3451.3259333333335, 3451.3260333333333, 3451.3267333333333, 3451.327366666667, 3451.3274, 3451.3275, 3451.3277333333335, 3451.3279333333335, 3451.3282, 3451.3282, 3451.3287, 3451.3292, 3451.3297666666667, 3451.3301, 3451.3309, 3451.3316666666665, 3451.3326, 3451.3327, 3451.332733333333, 3451.3337, 3451.333866666667, 3451.3339, 3451.3343, 3451.3346]","[85, 222, 0, 100, 110, 200, 237, 11, 153, 119, 16, 5, 222, 67, 191, 100, 232, 102, 106, 13, 196, 85, 188, 107, 78, 11, 145, 198, 41, 60, 179, 102, 56, 13, 67, 3, 5, 16, 13, 85, 113, 10, 14, 216, 223, 222, 13, 78, 64, 67, 101, 38, 60, 196, 138, 117, 63, 85, 67, 223, 117, 57, 41, 14, 198]","[85, 222, 0, 100, 110, 200, 237, 11, 153, 119, 16, 5, 67, 191, 232, 102, 106, 13, 196, 188, 107, 78, 145, 198, 41, 60, 179, 56, 3, 113, 10, 14, 216, 223, 64, 101, 38, 138, 117, 63, 57]","[0, 3, 5, 10, 11, 13, 14, 16, 38, 41, 56, 57, 60, 63, 64, 67, 78, 85, 100, 101, 102, 106, 107, 110, 113, 117, 119, 138, 145, 153, 179, 188, 191, 196, 198, 200, 216, 222, 223, 232, 237]"
3451.8688,3451.874,3451.896,3451.874,3.766496419906616,27.2,"[3451.8692333333333, 3451.8693333333335, 3451.869833333333, 3451.870966666667, 3451.8711, 3451.8711, 3451.8711333333335, 3451.8717666666666, 3451.8719333333333, 3451.8721666666665, 3451.8730333333333, 3451.8730333333333, 3451.8748, 3451.8753, 3451.8755, 3451.8755333333334, 3451.8787333333335, 3451.879, 3451.880866666667, 3451.8816, 3451.882, 3451.8821666666668, 3451.8884, 3451.888733333333, 3451.8888, 3451.8888333333334, 3451.8892333333333, 3451.8894666666665, 3451.8897, 3451.893, 3451.8932666666665, 3451.8935, 3451.8942333333334, 3451.8943, 3451.8950333333332, 3451.8953, 3451.8953, 3451.895433333333]","[109, 60, 85, 67, 179, 101, 230, 63, 14, 226, 102, 56, 16, 85, 66, 11, 16, 196, 67, 11, 85, 60, 196, 63, 107, 69, 85, 16, 60, 67, 85, 188, 138, 16, 60, 197, 5, 1]","[109, 60, 85, 67, 179, 101, 230, 63, 14, 226, 102, 56, 16, 66, 11, 196, 107, 69, 188, 138, 197, 5, 1]","[1, 5, 11, 14, 16, 56, 60, 63, 66, 67, 69, 85, 101, 102, 107, 109, 138, 179, 188, 196, 197, 226, 230]"
3452.0344,3452.054,3452.06,3452.054,2.7166433334350586,25.6,"[3452.0344, 3452.036633333333, 3452.0367, 3452.0371666666665, 3452.0379, 3452.0381, 3452.0387666666666, 3452.0390666666667, 3452.0395, 3452.0406333333335, 3452.0410666666667, 3452.041166666667, 3452.0414, 3452.0419333333334, 3452.0427, 3452.0434666666665, 3452.0454, 3452.046333333333, 3452.0467, 3452.0470666666665, 3452.048133333333, 3452.0507333333335, 3452.0508666666665, 3452.0511333333334, 3452.051233333333, 3452.0598666666665]","[67, 60, 98, 101, 56, 85, 5, 106, 16, 197, 5, 11, 94, 196, 117, 10, 16, 63, 67, 1, 60, 63, 174, 16, 106, 67]","[67, 60, 98, 101, 56, 85, 5, 106, 16, 197, 11, 94, 196, 117, 10, 63, 1, 174]","[1, 5, 10, 11, 16, 56, 60, 63, 67, 85, 94, 98, 101, 106, 117, 174, 196, 197]"
3453.8168,3453.8384,3453.8472,3453.8384,7.760281562805176,30.4,"[3453.817233333333, 3453.8178, 3453.8182666666667, 3453.8187, 3453.8191666666667, 3453.8199666666665, 3453.820133333333, 3453.820166666667, 3453.8207, 3453.8213333333333, 3453.8215666666665, 3453.8236666666667, 3453.8243333333335, 3453.8249, 3453.8250666666668, 3453.8252, 3453.825566666667, 3453.825766666667, 3453.8261666666667, 3453.826466666667, 3453.8285666666666, 3453.8299666666667, 3453.830466666667, 3453.8308666666667, 3453.831133333333, 3453.8317666666667, 3453.8319333333334, 3453.8325, 3453.832733333333, 3453.8332666666665, 3453.8345, 3453.8353333333334, 3453.8357, 3453.836333333333, 3453.8371666666667, 3453.837266666667, 3453.8384, 3453.8387, 3453.8387333333335, 3453.8389666666667, 3453.8398, 3453.8398333333334, 3453.8398666666667, 3453.8399, 3453.8409, 3453.8416333333334, 3453.842866666667, 3453.8449666666666, 3453.8461, 3453.8469666666665]","[85, 16, 118, 101, 67, 64, 145, 191, 16, 60, 85, 67, 117, 188, 52, 101, 85, 16, 63, 19, 60, 67, 119, 85, 13, 188, 40, 101, 64, 226, 60, 173, 69, 11, 85, 67, 13, 102, 11, 64, 153, 40, 174, 101, 196, 16, 60, 64, 188, 5]","[85, 16, 118, 101, 67, 64, 145, 191, 60, 117, 188, 52, 63, 19, 119, 13, 40, 226, 173, 69, 11, 102, 153, 174, 196, 5]","[5, 11, 13, 16, 19, 40, 52, 60, 63, 64, 67, 69, 85, 101, 102, 117, 118, 119, 145, 153, 173, 174, 188, 191, 196, 226]"
3453.9384,3453.95,3453.9768,3453.95,8.924558639526367,38.4,"[3453.9410666666668, 3453.9411, 3453.9418333333333, 3453.9419666666668, 3453.9423, 3453.9423666666667, 3453.9425333333334, 3453.9430333333335, 3453.9461666666666, 3453.9468666666667, 3453.9475, 3453.9475333333335, 3453.9477, 3453.9478, 3453.9479, 3453.9482, 3453.9492, 3453.9492, 3453.9499333333333, 3453.9504, 3453.9511333333335, 3453.9519, 3453.9520666666667, 3453.952133333333, 3453.9526666666666, 3453.953266666667, 3453.9537, 3453.9539666666665, 3453.9542333333334, 3453.9585666666667, 3453.9586, 3453.958833333333, 3453.9598, 3453.9605666666666, 3453.960666666667, 3453.9607, 3453.960866666667, 3453.9609333333333, 3453.9623333333334, 3453.9626333333335, 3453.963, 3453.9633, 3453.9637666666667, 3453.9669, 3453.9684333333335, 3453.968533333333, 3453.9685666666664, 3453.9686666666666, 3453.9691333333335, 3453.9693, 3453.9702666666667, 3453.9731666666667, 3453.9738, 3453.9738666666667, 3453.9742, 3453.9747333333335]","[41, 67, 63, 85, 168, 196, 196, 101, 0, 107, 107, 55, 10, 101, 196, 85, 111, 112, 140, 67, 188, 101, 39, 222, 11, 196, 3, 60, 1, 112, 111, 43, 13, 117, 14, 226, 16, 196, 63, 85, 60, 197, 67, 11, 85, 16, 86, 193, 67, 63, 60, 66, 11, 101, 16, 3]","[41, 67, 63, 85, 168, 196, 101, 0, 107, 55, 10, 111, 112, 140, 188, 39, 222, 11, 3, 60, 1, 43, 13, 117, 14, 226, 16, 197, 86, 193, 66]","[0, 1, 3, 10, 11, 13, 14, 16, 39, 41, 43, 55, 60, 63, 66, 67, 85, 86, 101, 107, 111, 112, 117, 140, 168, 188, 193, 196, 197, 222, 226]"
3454.4376,3454.446,3454.4724,3454.446,4.631175994873047,34.8,"[3454.4378666666667, 3454.437966666667, 3454.4385333333335, 3454.4385333333335, 3454.438833333333, 3454.4389666666666, 3454.4392, 3454.4393666666665, 3454.4393666666665, 3454.439533333333, 3454.4396333333334, 3454.4401, 3454.4402666666665, 3454.4405333333334, 3454.440666666667, 3454.441, 3454.4410666666668, 3454.4411666666665, 3454.4412333333335, 3454.4414666666667, 3454.4416333333334, 3454.4416333333334, 3454.4417, 3454.4417333333336, 3454.4419333333335, 3454.442, 3454.4420333333333, 3454.4422, 3454.4422, 3454.4423, 3454.4424, 3454.442433333333, 3454.4426, 3454.4432333333334, 3454.443366666667, 3454.443533333333, 3454.443566666667, 3454.4441333333334, 3454.4441666666667, 3454.444233333333, 3454.4443, 3454.4445, 3454.4445666666666, 3454.4449, 3454.4449666666665, 3454.4455666666668, 3454.4457333333335, 3454.4458666666665, 3454.4459333333334, 3454.446066666667, 3454.4461, 3454.4463, 3454.4463, 3454.4468666666667, 3454.446933333333, 3454.4472333333333, 3454.4472666666666, 3454.4475666666667, 3454.4479, 3454.448, 3454.448066666667, 3454.4481, 3454.4483, 3454.4483333333333, 3454.448766666667, 3454.4497, 3454.4502, 3454.4506, 3454.4506666666666, 3454.4511666666667, 3454.451233333333, 3454.4513, 3454.451466666667, 3454.4517666666666, 3454.4520666666667, 3454.4521, 3454.452133333333, 3454.4521666666665, 3454.452333333333, 3454.452366666667, 3454.4525, 3454.452533333333, 3454.4526666666666, 3454.453266666667, 3454.4533, 3454.4537, 3454.454833333333, 3454.4549, 3454.4549333333334, 3454.4551666666666, 3454.4553666666666, 3454.4555, 3454.4555, 3454.456366666667, 3454.457766666667, 3454.4591, 3454.459533333333, 3454.459566666667, 3454.4596, 3454.4596666666666, 3454.459966666667, 3454.459966666667, 3454.4600333333333, 3454.4601666666667, 3454.460466666667, 3454.4632, 3454.4638333333332, 3454.4639333333334, 3454.4645, 3454.4646333333335, 3454.4654, 3454.4666, 3454.4667666666664, 3454.4670333333333, 3454.4671, 3454.4677, 3454.4683, 3454.468733333333, 3454.4692, 3454.47, 3454.4708, 3454.4720333333335, 3454.4723]","[56, 16, 41, 67, 60, 85, 102, 13, 11, 64, 0, 64, 40, 145, 10, 53, 1, 102, 41, 13, 16, 67, 188, 60, 85, 188, 14, 64, 152, 162, 100, 145, 10, 7, 132, 13, 103, 230, 5, 152, 197, 37, 5, 101, 85, 69, 60, 102, 13, 66, 70, 222, 16, 67, 41, 196, 5, 85, 102, 233, 0, 119, 230, 179, 195, 119, 69, 67, 63, 16, 5, 101, 85, 13, 60, 5, 197, 119, 227, 145, 41, 188, 227, 101, 153, 13, 145, 63, 103, 67, 201, 60, 101, 85, 145, 5, 60, 85, 153, 69, 119, 92, 39, 57, 67, 93, 85, 67, 113, 70, 122, 233, 113, 196, 63, 223, 151, 85, 16, 67, 60, 5, 101]","[56, 16, 41, 67, 60, 85, 102, 13, 11, 64, 0, 40, 145, 10, 53, 1, 188, 14, 152, 162, 100, 7, 132, 103, 230, 5, 197, 37, 101, 69, 66, 70, 222, 196, 233, 119, 179, 195, 63, 227, 153, 201, 92, 39, 57, 93, 113, 122, 223, 151]","[0, 1, 5, 7, 10, 11, 13, 14, 16, 37, 39, 40, 41, 53, 56, 57, 60, 63, 64, 66, 67, 69, 70, 85, 92, 93, 100, 101, 102, 103, 113, 119, 122, 132, 145, 151, 152, 153, 162, 179, 188, 195, 196, 197, 201, 222, 223, 227, 230, 233]"
3454.764,3454.7736,3454.8232,3454.7736,3.8306498527526855,59.2,"[3454.7646, 3454.7651, 3454.7655, 3454.765766666667, 3454.7660333333333, 3454.7662666666665, 3454.7663666666667, 3454.766433333333, 3454.7664666666665, 3454.7666, 3454.7672333333335, 3454.7672333333335, 3454.7677, 3454.7687666666666, 3454.7696666666666, 3454.7697333333335, 3454.7699666666667, 3454.7701, 3454.770266666667, 3454.770466666667, 3454.7725666666665, 3454.7734, 3454.7736666666665, 3454.7755, 3454.776066666667, 3454.7766, 3454.776733333333, 3454.7773333333334, 3454.7781, 3454.7783, 3454.7788, 3454.7789, 3454.7796333333335, 3454.7806666666665, 3454.7809666666667, 3454.7812, 3454.7827, 3454.7838666666667, 3454.7844666666665, 3454.7846, 3454.7849333333334, 3454.7869666666666, 3454.7871666666665, 3454.7872, 3454.7876, 3454.788633333333, 3454.7888, 3454.7894, 3454.7896666666666, 3454.7900666666665, 3454.7909666666665, 3454.7910333333334, 3454.7912333333334, 3454.791366666667, 3454.7919666666667, 3454.792033333333, 3454.792033333333, 3454.792233333333, 3454.7924, 3454.7924333333335, 3454.7924333333335, 3454.7933, 3454.7933333333335, 3454.7938, 3454.7948666666666, 3454.7951333333335, 3454.7967, 3454.7969, 3454.7969333333335, 3454.796966666667, 3454.7970666666665, 3454.7982333333334, 3454.7987333333335, 3454.7992, 3454.8006333333333, 3454.8035, 3454.803733333333, 3454.803766666667, 3454.8042333333333, 3454.8043, 3454.8043333333335, 3454.8052666666667, 3454.8052666666667, 3454.8058333333333, 3454.8059, 3454.8061666666667, 3454.8069333333333, 3454.8073666666664, 3454.8087666666665, 3454.8090333333334, 3454.81, 3454.810933333333, 3454.811, 3454.8115, 3454.8115666666667, 3454.8119, 3454.813633333333, 3454.8140333333336, 3454.814733333333, 3454.814766666667, 3454.8148666666666, 3454.8153333333335, 3454.815633333333, 3454.8159333333333, 3454.8159333333333, 3454.8159666666666, 3454.816, 3454.8160666666668, 3454.8169, 3454.8177333333333, 3454.8188333333333, 3454.8199666666665, 3454.8207666666667, 3454.8211333333334, 3454.8216333333335, 3454.8217, 3454.821733333333, 3454.821733333333, 3454.821933333333, 3454.8223333333335, 3454.8224666666665, 3454.8226666666665, 3454.8227, 3454.8228]","[196, 16, 85, 117, 60, 67, 109, 0, 233, 1, 195, 38, 94, 13, 190, 196, 60, 63, 40, 119, 179, 67, 85, 94, 16, 60, 152, 106, 67, 63, 196, 190, 185, 60, 85, 101, 123, 174, 67, 85, 16, 60, 70, 190, 13, 196, 85, 60, 67, 118, 179, 204, 13, 107, 197, 179, 39, 0, 162, 60, 145, 38, 67, 13, 11, 118, 179, 179, 188, 7, 13, 10, 16, 106, 60, 85, 94, 67, 81, 16, 19, 188, 196, 196, 188, 11, 60, 56, 85, 16, 67, 179, 7, 13, 118, 174, 188, 108, 67, 106, 16, 63, 119, 188, 37, 85, 66, 60, 16, 94, 11, 3, 119, 67, 72, 235, 11, 145, 16, 233, 60, 66, 94, 93]","[196, 16, 85, 117, 60, 67, 109, 0, 233, 1, 195, 38, 94, 13, 190, 63, 40, 119, 179, 152, 106, 185, 101, 123, 174, 70, 118, 204, 107, 197, 39, 162, 145, 11, 188, 7, 10, 81, 19, 56, 108, 37, 66, 3, 72, 235, 93]","[0, 1, 3, 7, 10, 11, 13, 16, 19, 37, 38, 39, 40, 56, 60, 63, 66, 67, 70, 72, 81, 85, 93, 94, 101, 106, 107, 108, 109, 117, 118, 119, 123, 145, 152, 162, 174, 179, 185, 188, 190, 195, 196, 197, 204, 233, 235]"
3455.5176,3455.5268,3455.5572,3455.5268,4.679024696350098,39.6,"[3455.5178, 3455.5207, 3455.5212, 3455.5216, 3455.5227666666665, 3455.5228333333334, 3455.5234333333333, 3455.5237, 3455.5241, 3455.5241333333333, 3455.5242, 3455.527, 3455.529466666667, 3455.5298, 3455.53, 3455.5303, 3455.530333333333, 3455.530366666667, 3455.5306, 3455.5311, 3455.5311333333334, 3455.531233333333, 3455.5313333333334, 3455.5316, 3455.5322, 3455.5335666666665, 3455.5344666666665, 3455.535, 3455.5352666666668, 3455.5360333333333, 3455.5365, 3455.536666666667, 3455.5368, 3455.5369666666666, 3455.5371333333333, 3455.537333333333, 3455.5392666666667, 3455.5452333333333, 3455.5468666666666, 3455.5472666666665, 3455.5497666666665, 3455.5538666666666, 3455.5542666666665, 3455.5543, 3455.554833333333, 3455.5549, 3455.5552666666667, 3455.5559333333335, 3455.5572]","[63, 197, 85, 67, 55, 63, 70, 85, 16, 60, 67, 101, 174, 107, 3, 85, 63, 60, 81, 16, 19, 67, 153, 151, 94, 101, 113, 98, 197, 67, 85, 63, 16, 64, 196, 101, 60, 16, 69, 85, 101, 60, 106, 72, 119, 94, 16, 67, 1]","[63, 197, 85, 67, 55, 70, 16, 60, 101, 174, 107, 3, 81, 19, 153, 151, 94, 113, 98, 64, 196, 69, 106, 72, 119, 1]","[1, 3, 16, 19, 55, 60, 63, 64, 67, 69, 70, 72, 81, 85, 94, 98, 101, 106, 107, 113, 119, 151, 153, 174, 196, 197]"
3457.6512,3457.664,3457.6908,3457.664,6.608902931213379,39.6,"[3457.6514, 3457.6522, 3457.6522666666665, 3457.6536666666666, 3457.6543, 3457.6552333333334, 3457.655333333333, 3457.6557, 3457.6594333333333, 3457.6599666666666, 3457.6602666666668, 3457.6602666666668, 3457.6605, 3457.6606666666667, 3457.6612333333333, 3457.6628333333333, 3457.6629, 3457.6629666666668, 3457.6632666666665, 3457.6633333333334, 3457.664, 3457.6640666666667, 3457.664566666667, 3457.6665, 3457.6667333333335, 3457.6676, 3457.6676333333335, 3457.6680666666666, 3457.669, 3457.6705666666667, 3457.671733333333, 3457.6718, 3457.6720666666665, 3457.6722666666665, 3457.6725666666666, 3457.6741666666667, 3457.6744, 3457.6745333333333, 3457.6749333333332, 3457.6768, 3457.676933333333, 3457.677366666667, 3457.6774, 3457.6776666666665, 3457.6779333333334, 3457.678066666667, 3457.6783, 3457.6788, 3457.6792333333333, 3457.6804666666667, 3457.680733333333, 3457.6826666666666, 3457.6827333333335, 3457.6832666666664, 3457.684, 3457.6840333333334, 3457.6842, 3457.6844666666666, 3457.6846666666665, 3457.6848, 3457.685466666667, 3457.6856333333335, 3457.6856666666667, 3457.6857, 3457.686, 3457.6877, 3457.687966666667]","[85, 16, 19, 56, 196, 152, 85, 67, 16, 117, 102, 153, 85, 81, 67, 63, 60, 174, 39, 85, 226, 173, 81, 212, 188, 54, 3, 11, 113, 39, 85, 172, 67, 223, 60, 233, 152, 105, 55, 5, 106, 39, 55, 67, 16, 60, 85, 196, 220, 117, 174, 85, 5, 39, 39, 63, 5, 196, 16, 64, 19, 81, 212, 60, 85, 67, 153]","[85, 16, 19, 56, 196, 152, 67, 117, 102, 153, 81, 63, 60, 174, 39, 226, 173, 212, 188, 54, 3, 11, 113, 172, 223, 233, 105, 55, 5, 106, 220, 64]","[3, 5, 11, 16, 19, 39, 54, 55, 56, 60, 63, 64, 67, 81, 85, 102, 105, 106, 113, 117, 152, 153, 172, 173, 174, 188, 196, 212, 220, 223, 226, 233]"
3459.7684,3459.8056,3459.8328,3459.8056,3.5896170139312744,64.4,"[3459.768433333333, 3459.768666666667, 3459.768866666667, 3459.7689666666665, 3459.7699, 3459.7707666666665, 3459.7715333333335, 3459.772466666667, 3459.7726666666667, 3459.7728, 3459.7737666666667, 3459.773833333333, 3459.7741, 3459.7741333333333, 3459.7741666666666, 3459.7743, 3459.7744333333335, 3459.7750666666666, 3459.7757, 3459.776, 3459.7760333333335, 3459.7760333333335, 3459.7763, 3459.7764, 3459.7797, 3459.7798333333335, 3459.780133333333, 3459.7802, 3459.7802333333334, 3459.781933333333, 3459.7828666666665, 3459.783266666667, 3459.7841333333336, 3459.7843, 3459.7843, 3459.784866666667, 3459.785066666667, 3459.7856666666667, 3459.7861, 3459.787533333333, 3459.7876, 3459.7876333333334, 3459.7887333333333, 3459.7888666666668, 3459.789133333333, 3459.7898, 3459.7901, 3459.7901333333334, 3459.790466666667, 3459.7908666666667, 3459.7916666666665, 3459.791833333333, 3459.7919666666667, 3459.792, 3459.7921333333334, 3459.7927, 3459.7929, 3459.793133333333, 3459.794, 3459.794533333333, 3459.7948333333334, 3459.7959666666666, 3459.7961333333333, 3459.797233333333, 3459.7972666666665, 3459.7973, 3459.797633333333, 3459.7978, 3459.7987333333335, 3459.7988, 3459.7988666666665, 3459.7988666666665, 3459.7989666666667, 3459.799266666667, 3459.7996, 3459.7998333333335, 3459.8006333333333, 3459.8006333333333, 3459.8008666666665, 3459.8009333333334, 3459.8009666666667, 3459.8015333333333, 3459.8022333333333, 3459.802366666667, 3459.8024333333333, 3459.803, 3459.8034333333335, 3459.8040666666666, 3459.8065, 3459.8069666666665, 3459.807766666667, 3459.8079, 3459.8079, 3459.808, 3459.808, 3459.8082666666664, 3459.8083666666666, 3459.8093, 3459.8094666666666, 3459.8097, 3459.8101666666666, 3459.8105, 3459.8105333333333, 3459.811366666667, 3459.811366666667, 3459.813866666667, 3459.814066666667, 3459.8148, 3459.8150333333333, 3459.8152666666665, 3459.8153666666667, 3459.8155666666667, 3459.8157, 3459.8158, 3459.8159666666666, 3459.816333333333, 3459.816566666667, 3459.8171, 3459.8172, 3459.819233333333, 3459.8206333333333, 3459.820833333333, 3459.8220333333334, 3459.8228, 3459.823033333333, 3459.8233, 3459.823533333333, 3459.8241, 3459.8241333333335, 3459.8270666666667, 3459.828033333333, 3459.8281333333334, 3459.8281333333334, 3459.828666666667, 3459.828666666667, 3459.8288666666667, 3459.8290333333334, 3459.8297, 3459.831833333333]","[196, 60, 3, 16, 85, 220, 67, 81, 85, 188, 179, 5, 105, 101, 64, 145, 5, 16, 67, 119, 85, 91, 41, 60, 5, 179, 16, 67, 85, 222, 98, 13, 145, 16, 119, 67, 85, 5, 66, 107, 16, 117, 67, 60, 94, 85, 233, 0, 3, 16, 11, 102, 5, 138, 85, 38, 60, 54, 63, 67, 38, 113, 81, 16, 13, 85, 94, 201, 10, 145, 63, 109, 152, 67, 63, 16, 11, 3, 222, 71, 41, 10, 224, 188, 41, 63, 16, 119, 94, 85, 107, 63, 170, 16, 3, 103, 63, 11, 50, 64, 60, 188, 85, 11, 224, 72, 63, 13, 101, 233, 67, 54, 85, 179, 16, 152, 3, 13, 224, 3, 13, 85, 101, 16, 54, 117, 63, 60, 118, 67, 113, 52, 10, 179, 5, 16, 224, 196, 85]","[196, 60, 3, 16, 85, 220, 67, 81, 188, 179, 5, 105, 101, 64, 145, 119, 91, 41, 222, 98, 13, 66, 107, 117, 94, 233, 0, 11, 102, 138, 38, 54, 63, 113, 201, 10, 109, 152, 71, 224, 170, 103, 50, 72, 118, 52]","[0, 3, 5, 10, 11, 13, 16, 38, 41, 50, 52, 54, 60, 63, 64, 66, 67, 71, 72, 81, 85, 91, 94, 98, 101, 102, 103, 105, 107, 109, 113, 117, 118, 119, 138, 145, 152, 170, 179, 188, 196, 201, 220, 222, 224, 233]"
